Flop,Hand,Weight OOP,OOP Equity,OOP EV,OOP EQR,BET 2%,BET 2 EV,CHECK%,CHECK EV
Ah 8d 2c,6c5c,1.000,19.13,1.27635,111.22,55.77,1.41,44.23,1.11
Ah 8d 2c,7c6c,1.000,19.38,1.21496,104.512,50.36,1.37,49.64,1.05
Ah 8d 2c,8c7c,1.000,52.87,2.48813,78.4327,32.92,2.35,67.08,2.56
Ah 8d 2c,9c8c,1.000,54.69,2.6798,81.6646,8.42,2.74,91.58,2.67
Ah 8d 2c,Tc8c,1.000,55.65,2.83094,84.7838,23.72,3.06,76.28,2.76
Ah 8d 2c,Tc9c,1.000,23.14,1.37371,98.9358,56.48,1.60,43.52,1.08
Ah 8d 2c,Jc8c,1.000,56.64,2.98868,87.9412,23.08,3.24,76.92,2.91
Ah 8d 2c,Jc9c,1.000,24.33,1.23527,84.6054,46.71,1.57,53.29,0.94
Ah 8d 2c,JcTc,1.000,27.45,1.40547,85.3507,48.30,1.77,51.70,1.06
Ah 8d 2c,JcTd,1.000,24.17,0.92531,63.8097,26.27,1.55,73.73,0.70
Ah 8d 2c,JcTh,1.000,24.18,0.93811,64.659,28.47,1.53,71.53,0.70
Ah 8d 2c,JcTs,1.000,24.10,0.90269,62.4217,27.39,1.50,72.61,0.68
Ah 8d 2c,Qc8c,1.000,57.68,3.0534,88.2305,11.63,3.21,88.37,3.03
Ah 8d 2c,Qc9c,1.000,27.30,0.90074,54.9866,18.50,1.32,81.50,0.80
Ah 8d 2c,QcTc,1.000,30.39,1.39378,76.4307,60.37,1.69,39.63,0.94
Ah 8d 2c,QcJc,1.000,32.37,1.33433,68.6948,50.93,1.68,49.07,0.97
Ah 8d 2c,QcTd,1.000,27.22,0.77476,47.4379,19.91,1.53,80.09,0.59
Ah 8d 2c,QcJd,1.000,29.29,0.79323,45.1333,18.91,1.54,81.09,0.62
Ah 8d 2c,QcTh,1.000,27.23,0.76992,47.1205,20.24,1.49,79.76,0.59
Ah 8d 2c,QcJh,1.000,29.30,0.84239,47.9105,23.51,1.54,76.49,0.63
Ah 8d 2c,QcTs,1.000,27.15,0.77653,47.6754,21.84,1.54,78.16,0.56
Ah 8d 2c,QcJs,1.000,29.22,0.75119,42.8513,17.60,1.48,82.40,0.60
Ah 8d 2c,Kc3c,1.000,31.07,1.08591,58.2592,53.96,1.34,46.04,0.78
Ah 8d 2c,Kc4c,1.000,31.21,1.15727,61.801,62.33,1.37,37.67,0.80
Ah 8d 2c,Kc5c,1.000,31.39,1.20767,64.1128,58.12,1.51,41.88,0.79
Ah 8d 2c,Kc6c,1.000,30.78,0.92353,50.0023,32.33,1.45,67.67,0.67
Ah 8d 2c,Kc7c,1.000,31.36,0.77007,40.9239,15.50,1.37,84.50,0.66
Ah 8d 2c,Kc8c,1.000,58.83,3.19965,90.6422,19.47,3.26,80.53,3.18
Ah 8d 2c,Kc9c,1.000,34.67,0.78915,37.9391,4.39,1.60,95.61,0.75
Ah 8d 2c,KcTc,1.000,37.76,1.0731,47.3593,20.90,1.69,79.10,0.91
Ah 8d 2c,KcJc,1.000,39.82,1.05082,43.9853,3.04,1.73,96.96,1.03
Ah 8d 2c,KcQc,1.000,41.95,1.15962,46.0667,1.64,1.64,98.36,1.15
Ah 8d 2c,KcTd,1.000,34.93,0.6062,28.9232,2.45,1.42,97.55,0.59
Ah 8d 2c,KcJd,1.000,37.08,0.71658,32.2103,1.31,1.56,98.69,0.71
Ah 8d 2c,KcQd,1.000,39.31,0.8375,35.5069,0.88,1.53,99.12,0.83
Ah 8d 2c,KcTh,1.000,34.94,0.60718,28.96,2.51,1.40,97.49,0.59
Ah 8d 2c,KcJh,1.000,37.09,0.72274,32.4764,1.47,1.54,98.53,0.71
Ah 8d 2c,KcQh,1.000,39.32,0.83747,35.4946,0.91,1.51,99.09,0.83
Ah 8d 2c,KcTs,1.000,34.85,0.59267,28.3448,2.06,1.48,97.94,0.57
Ah 8d 2c,KcJs,1.000,36.99,0.70066,31.566,1.30,1.57,98.70,0.69
Ah 8d 2c,KcQs,1.000,39.23,0.82238,34.9412,0.81,1.50,99.19,0.82
Ah 8d 2c,Ac3c,1.000,78.27,5.06741,107.904,20.48,4.34,79.52,5.26
Ah 8d 2c,Ac4c,1.000,78.33,5.07157,107.904,21.65,4.34,78.35,5.27
Ah 8d 2c,Ac5c,1.000,78.66,5.06413,107.297,29.33,4.51,70.67,5.30
Ah 8d 2c,Ac6c,1.000,78.94,5.11978,108.097,23.00,4.48,77.00,5.31
Ah 8d 2c,Ac7c,1.000,79.64,5.05056,105.69,45.45,4.59,54.55,5.43
Ah 8d 2c,Ac8c,1.000,93.46,10.1138,180.361,65.80,9.83,34.20,10.66
Ah 8d 2c,Ac9c,1.000,82.13,5.66217,114.901,49.79,5.28,50.21,6.04
Ah 8d 2c,AcTc,1.000,83.53,6.16097,122.932,30.91,5.60,69.09,6.41
Ah 8d 2c,Ac2d,1.000,88.07,7.86168,148.776,38.45,7.26,61.55,8.24
Ah 8d 2c,Ac3d,1.000,77.02,4.72242,102.191,8.73,3.99,91.27,4.79
Ah 8d 2c,Ac4d,1.000,77.09,4.73518,102.378,9.23,3.99,90.77,4.81
Ah 8d 2c,Ac5d,1.000,77.45,4.75099,102.239,12.95,4.14,87.05,4.84
Ah 8d 2c,Ac6d,1.000,77.78,4.79928,102.843,10.02,4.14,89.98,4.87
Ah 8d 2c,Ac7d,1.000,78.56,4.90995,104.164,14.75,4.32,85.25,5.01
Ah 8d 2c,Ac9d,1.000,81.11,5.35053,109.939,38.63,4.93,61.37,5.62
Ah 8d 2c,AcTd,1.000,82.58,5.78593,116.77,30.54,5.31,69.46,6.00
Ah 8d 2c,AcJd,1.000,84.00,6.27444,124.499,27.22,5.70,72.78,6.49
Ah 8d 2c,Ac2h,1.000,88.07,7.86099,148.768,37.84,7.24,62.16,8.24
Ah 8d 2c,Ac3h,1.000,77.01,4.72034,102.153,8.54,3.99,91.46,4.79
Ah 8d 2c,Ac4h,1.000,77.08,4.72899,102.251,9.41,3.97,90.59,4.81
Ah 8d 2c,Ac5h,1.000,77.44,4.73272,101.853,15.36,4.15,84.64,4.84
Ah 8d 2c,Ac6h,1.000,77.75,4.77415,102.342,11.53,4.10,88.47,4.86
Ah 8d 2c,Ac7h,1.000,78.53,4.85084,102.946,20.66,4.28,79.34,5.00
Ah 8d 2c,Ac8h,1.000,93.04,10.0316,179.705,46.33,9.66,53.67,10.35
Ah 8d 2c,Ac9h,1.000,81.12,5.29139,108.721,45.79,4.90,54.21,5.62
Ah 8d 2c,AcTh,1.000,82.59,5.75897,116.223,32.51,5.27,67.49,5.99
Ah 8d 2c,AcJh,1.000,84.00,6.19685,122.956,32.92,5.68,67.08,6.45
Ah 8d 2c,Ac2s,1.000,88.06,7.93206,150.13,31.33,7.24,68.67,8.25
Ah 8d 2c,Ac3s,1.000,76.94,4.62702,100.225,17.96,3.97,82.04,4.77
Ah 8d 2c,Ac4s,1.000,77.01,4.62353,100.061,20.04,3.96,79.96,4.79
Ah 8d 2c,Ac5s,1.000,77.36,4.6945,101.141,19.27,4.16,80.73,4.82
Ah 8d 2c,Ac6s,1.000,77.65,4.71672,101.244,16.02,4.06,83.98,4.84
Ah 8d 2c,Ac7s,1.000,78.41,4.74605,100.885,28.72,4.15,71.28,4.98
Ah 8d 2c,Ac8s,1.000,92.96,10.0843,180.795,46.50,9.71,53.50,10.41
Ah 8d 2c,Ac9s,1.000,81.00,5.28752,108.803,40.42,4.83,59.58,5.60
Ah 8d 2c,AcTs,1.000,82.47,5.78487,116.903,27.91,5.30,72.09,5.97
Ah 8d 2c,AcJs,1.000,83.89,6.24093,123.997,28.49,5.67,71.51,6.47
Ah 8d 2c,6d6c,1.000,41.08,1.54907,62.8482,28.74,2.03,71.26,1.36
Ah 8d 2c,6d5d,1.000,19.19,1.3005,112.959,58.19,1.41,41.81,1.15
Ah 8d 2c,7d7c,1.000,42.06,1.65743,65.6829,33.88,2.19,66.12,1.39
Ah 8d 2c,7d6d,1.000,19.42,1.27505,109.419,55.15,1.42,44.85,1.10
Ah 8d 2c,9d9c,1.000,53.96,2.62975,81.2282,31.01,3.14,68.99,2.40
Ah 8d 2c,TdTc,1.000,56.95,2.75674,80.6738,17.16,3.29,82.84,2.65
Ah 8d 2c,Td9d,1.000,23.20,1.41736,101.824,58.63,1.63,41.37,1.12
Ah 8d 2c,JdTc,1.000,24.17,0.93866,64.73,27.28,1.57,72.72,0.70
Ah 8d 2c,Jd9d,1.000,24.38,1.28699,87.9678,48.52,1.63,51.48,0.97
Ah 8d 2c,JdTd,1.000,27.49,1.47684,89.5285,54.36,1.80,45.64,1.09
Ah 8d 2c,JdTh,1.000,24.17,0.93042,64.163,27.06,1.54,72.94,0.70
Ah 8d 2c,JdTs,1.000,24.09,0.90724,62.7691,27.43,1.52,72.57,0.68
Ah 8d 2c,QdTc,1.000,27.22,0.77264,47.3077,19.78,1.52,80.22,0.59
Ah 8d 2c,QdJc,1.000,29.29,0.78986,44.9416,18.78,1.53,81.22,0.62
Ah 8d 2c,Qd9d,1.000,27.34,0.94424,57.554,22.75,1.37,77.25,0.82
Ah 8d 2c,QdTd,1.000,30.43,1.39908,76.6217,57.00,1.73,43.00,0.96
Ah 8d 2c,QdJd,1.000,32.41,1.32794,68.284,46.28,1.71,53.72,1.00
Ah 8d 2c,QdTh,1.000,27.22,0.77815,47.6462,20.83,1.50,79.17,0.59
Ah 8d 2c,QdJh,1.000,29.29,0.84651,48.1656,24.04,1.53,75.96,0.63
Ah 8d 2c,QdTs,1.000,27.13,0.78764,48.3801,22.94,1.54,77.06,0.56
Ah 8d 2c,QdJs,1.000,29.20,0.7526,42.95,17.96,1.47,82.04,0.60
Ah 8d 2c,KdTc,1.000,34.98,0.60811,28.9776,2.29,1.47,97.71,0.59
Ah 8d 2c,KdJc,1.000,37.13,0.7173,32.1993,1.20,1.56,98.80,0.71
Ah 8d 2c,KdQc,1.000,39.37,0.83892,35.5176,0.81,1.57,99.19,0.83
Ah 8d 2c,Kd2d,1.000,46.17,2.25072,81.24,47.27,2.16,52.73,2.33
Ah 8d 2c,Kd3d,1.000,31.13,1.16655,62.446,61.92,1.40,38.08,0.79
Ah 8d 2c,Kd4d,1.000,31.28,1.21579,64.78,66.99,1.42,33.01,0.81
Ah 8d 2c,Kd5d,1.000,31.47,1.29416,68.5454,66.25,1.55,33.75,0.79
Ah 8d 2c,Kd6d,1.000,30.83,0.98715,53.3702,38.11,1.49,61.89,0.68
Ah 8d 2c,Kd7d,1.000,31.41,0.80515,42.7178,18.04,1.44,81.96,0.66
Ah 8d 2c,Kd9d,1.000,34.75,0.80062,38.4015,4.56,1.62,95.44,0.76
Ah 8d 2c,KdTd,1.000,37.85,1.03986,45.7932,13.91,1.79,86.09,0.92
Ah 8d 2c,KdJd,1.000,39.90,1.06727,44.5784,2.30,1.78,97.70,1.05
Ah 8d 2c,KdQd,1.000,42.04,1.1837,46.9243,1.29,1.74,98.71,1.18
Ah 8d 2c,KdTh,1.000,34.98,0.6081,28.9773,2.37,1.46,97.63,0.59
Ah 8d 2c,KdJh,1.000,37.13,0.72388,32.4952,1.37,1.55,98.63,0.71
Ah 8d 2c,KdQh,1.000,39.37,0.83898,35.5207,0.83,1.57,99.17,0.83
Ah 8d 2c,KdTs,1.000,34.88,0.5943,28.3967,2.05,1.52,97.95,0.57
Ah 8d 2c,KdJs,1.000,37.03,0.70143,31.5694,1.22,1.56,98.78,0.69
Ah 8d 2c,KdQs,1.000,39.27,0.82386,34.967,0.75,1.55,99.25,0.82
Ah 8d 2c,Ad3c,1.000,77.02,4.72269,102.196,8.93,4.01,91.07,4.79
Ah 8d 2c,Ad4c,1.000,77.09,4.73571,102.388,9.29,4.00,90.71,4.81
Ah 8d 2c,Ad5c,1.000,77.45,4.74977,102.212,13.20,4.15,86.80,4.84
Ah 8d 2c,Ad6c,1.000,77.75,4.78798,102.632,10.24,4.11,89.76,4.87
Ah 8d 2c,Ad7c,1.000,78.54,4.87578,103.47,16.67,4.22,83.33,5.01
Ah 8d 2c,Ad8c,1.000,93.05,10.0383,179.792,46.30,9.66,53.70,10.36
Ah 8d 2c,Ad9c,1.000,81.12,5.34636,109.842,38.83,4.91,61.17,5.62
Ah 8d 2c,AdTc,1.000,82.59,5.7696,116.429,31.79,5.28,68.21,6.00
Ah 8d 2c,AdJc,1.000,84.00,6.25395,124.08,30.03,5.69,69.97,6.50
Ah 8d 2c,Ad2d,1.000,88.60,7.97435,150.01,54.01,7.47,45.99,8.57
Ah 8d 2c,Ad3d,1.000,78.14,5.01516,106.971,22.06,4.31,77.94,5.22
Ah 8d 2c,Ad4d,1.000,78.20,5.02269,107.041,22.91,4.31,77.09,5.23
Ah 8d 2c,Ad5d,1.000,78.54,5.00893,106.297,31.81,4.48,68.19,5.26
Ah 8d 2c,Ad6d,1.000,78.85,5.09049,107.604,24.28,4.48,75.72,5.29
Ah 8d 2c,Ad7d,1.000,79.56,5.0461,105.709,48.33,4.66,51.67,5.41
Ah 8d 2c,Ad9d,1.000,82.01,5.63557,114.531,49.68,5.26,50.32,6.01
Ah 8d 2c,AdTd,1.000,83.41,6.14073,122.707,30.19,5.58,69.81,6.38
Ah 8d 2c,Ad2h,1.000,88.07,7.90202,149.545,33.10,7.23,66.90,8.23
Ah 8d 2c,Ad3h,1.000,77.01,4.72115,102.179,8.37,3.98,91.63,4.79
Ah 8d 2c,Ad4h,1.000,77.08,4.73205,102.325,8.92,3.96,91.08,4.81
Ah 8d 2c,Ad5h,1.000,77.44,4.73894,101.995,14.35,4.15,85.65,4.84
Ah 8d 2c,Ad6h,1.000,77.74,4.77283,102.324,11.49,4.10,88.51,4.86
Ah 8d 2c,Ad7h,1.000,78.52,4.8579,103.108,19.33,4.28,80.67,5.00
Ah 8d 2c,Ad8h,1.000,93.06,9.99967,179.082,54.21,9.68,45.79,10.37
Ah 8d 2c,Ad9h,1.000,81.10,5.28953,108.698,45.52,4.90,54.48,5.62
Ah 8d 2c,AdTh,1.000,82.57,5.76402,116.341,31.33,5.26,68.67,5.99
Ah 8d 2c,AdJh,1.000,83.99,6.19995,123.035,32.30,5.68,67.70,6.45
Ah 8d 2c,Ad2s,1.000,88.06,7.95627,150.589,28.25,7.23,71.75,8.24
Ah 8d 2c,Ad3s,1.000,76.94,4.63381,100.38,16.92,3.96,83.08,4.77
Ah 8d 2c,Ad4s,1.000,77.01,4.64648,100.566,17.17,3.95,82.83,4.79
Ah 8d 2c,Ad5s,1.000,77.35,4.6994,101.256,18.47,4.16,81.53,4.82
Ah 8d 2c,Ad6s,1.000,77.64,4.71601,101.239,15.78,4.04,84.22,4.84
Ah 8d 2c,Ad7s,1.000,78.40,4.75896,101.171,26.86,4.15,73.14,4.98
Ah 8d 2c,Ad8s,1.000,92.99,10.0513,180.151,53.90,9.73,46.10,10.43
Ah 8d 2c,Ad9s,1.000,80.98,5.28445,108.756,40.64,4.83,59.36,5.60
Ah 8d 2c,AdTs,1.000,82.46,5.78742,116.971,26.97,5.29,73.03,5.97
Ah 8d 2c,AdJs,1.000,83.87,6.23803,123.957,28.78,5.67,71.22,6.47
Ah 8d 2c,6h6c,1.000,41.15,1.55227,62.8709,27.97,2.07,72.03,1.35
Ah 8d 2c,6h6d,1.000,41.07,1.50352,61.0218,23.84,2.00,76.16,1.35
Ah 8d 2c,6h5h,1.000,19.25,1.28457,111.203,53.69,1.41,46.31,1.14
Ah 8d 2c,7h7c,1.000,42.13,1.79703,71.0903,46.25,2.28,53.75,1.38
Ah 8d 2c,7h7d,1.000,42.04,1.69881,67.3457,37.21,2.24,62.79,1.38
Ah 8d 2c,7h6h,1.000,19.52,1.25795,107.431,48.95,1.42,51.05,1.10
Ah 8d 2c,8h8c,1.000,96.06,14.1434,245.38,65.22,13.97,34.78,14.48
Ah 8d 2c,8h7h,1.000,52.98,2.58494,81.3231,34.49,2.55,65.51,2.61
Ah 8d 2c,9h9c,1.000,53.96,2.66516,82.3176,38.17,3.13,61.83,2.38
Ah 8d 2c,9h9d,1.000,53.94,2.60082,80.3591,29.23,3.12,70.77,2.39
Ah 8d 2c,9h8h,1.000,54.80,2.72738,82.9472,11.06,2.80,88.94,2.72
Ah 8d 2c,ThTc,1.000,56.96,2.73514,80.0378,15.84,3.29,84.16,2.63
Ah 8d 2c,ThTd,1.000,56.94,2.72181,79.6745,13.67,3.27,86.33,2.63
Ah 8d 2c,Th8h,1.000,55.77,2.89825,86.6157,28.16,3.12,71.84,2.81
Ah 8d 2c,Th9h,1.000,23.30,1.46739,104.981,62.50,1.66,37.50,1.14
Ah 8d 2c,JhTc,1.000,24.18,0.97386,67.1238,31.72,1.53,68.28,0.71
Ah 8d 2c,JhTd,1.000,24.17,0.95211,65.6596,29.06,1.53,70.94,0.71
Ah 8d 2c,Jh8h,1.000,56.77,3.05164,89.5902,25.25,3.29,74.75,2.97
Ah 8d 2c,Jh9h,1.000,24.49,1.32681,90.2874,51.04,1.63,48.96,1.01
Ah 8d 2c,JhTh,1.000,27.61,1.5302,92.3827,55.54,1.84,44.46,1.14
Ah 8d 2c,JhTs,1.000,24.10,0.95549,66.0744,33.03,1.50,66.97,0.69
Ah 8d 2c,QhTc,1.000,27.23,0.77569,47.4736,20.38,1.51,79.62,0.59
Ah 8d 2c,QhJc,1.000,29.30,0.79959,45.4762,19.73,1.53,80.27,0.62
Ah 8d 2c,QhTd,1.000,27.22,0.78653,48.1591,21.21,1.53,78.79,0.59
Ah 8d 2c,QhJd,1.000,29.29,0.81293,46.2547,20.85,1.55,79.15,0.62
Ah 8d 2c,Qh8h,1.000,57.82,3.11966,89.9244,15.34,3.27,84.66,3.09
Ah 8d 2c,Qh9h,1.000,27.47,1.00871,61.2037,25.91,1.43,74.09,0.86
Ah 8d 2c,QhTh,1.000,30.56,1.43452,78.2286,57.48,1.75,42.52,1.01
Ah 8d 2c,QhJh,1.000,32.54,1.39393,71.3869,47.98,1.76,52.02,1.06
Ah 8d 2c,QhTs,1.000,27.15,0.79824,49.0091,24.19,1.53,75.81,0.56
Ah 8d 2c,QhJs,1.000,29.22,0.77321,44.1076,19.95,1.49,80.05,0.60
Ah 8d 2c,KhTc,1.000,34.99,0.61419,29.2579,2.05,1.48,97.95,0.60
Ah 8d 2c,KhJc,1.000,37.14,0.72439,32.5075,1.15,1.53,98.85,0.71
Ah 8d 2c,KhQc,1.000,39.38,0.84599,35.8057,0.79,1.53,99.21,0.84
Ah 8d 2c,KhTd,1.000,34.97,0.61349,29.2351,2.11,1.48,97.89,0.59
Ah 8d 2c,KhJd,1.000,37.13,0.72442,32.5199,1.17,1.53,98.83,0.71
Ah 8d 2c,KhQd,1.000,39.37,0.84581,35.8096,0.79,1.52,99.21,0.84
Ah 8d 2c,Kh2h,1.000,46.27,2.29646,82.7141,48.24,2.18,51.76,2.40
Ah 8d 2c,Kh3h,1.000,31.27,1.16972,62.3498,58.53,1.39,41.47,0.86
Ah 8d 2c,Kh4h,1.000,31.41,1.21982,64.7218,63.73,1.41,36.27,0.88
Ah 8d 2c,Kh5h,1.000,31.60,1.31507,69.3634,62.50,1.58,37.50,0.87
Ah 8d 2c,Kh6h,1.000,30.99,1.17588,63.2338,52.92,1.57,47.08,0.73
Ah 8d 2c,Kh7h,1.000,31.58,1.01316,53.4694,36.31,1.52,63.69,0.72
Ah 8d 2c,Kh8h,1.000,58.93,3.25503,92.0619,31.46,3.28,68.54,3.24
Ah 8d 2c,Kh9h,1.000,34.91,0.87294,41.6811,6.74,1.69,93.26,0.81
Ah 8d 2c,KhTh,1.000,38.01,1.15868,50.8101,20.45,1.84,79.55,0.98
Ah 8d 2c,KhJh,1.000,40.06,1.13121,47.0597,3.43,1.88,96.57,1.10
Ah 8d 2c,KhQh,1.000,42.20,1.2245,48.3603,1.83,1.79,98.17,1.21
Ah 8d 2c,KhTs,1.000,34.89,0.60047,28.6825,1.86,1.53,98.14,0.58
Ah 8d 2c,KhJs,1.000,37.04,0.7084,31.8728,1.17,1.54,98.83,0.70
Ah 8d 2c,KhQs,1.000,39.28,0.83108,35.2622,0.74,1.51,99.26,0.83
Ah 8d 2c,6s6c,1.000,41.07,1.42989,58.0199,18.42,1.86,81.58,1.33
Ah 8d 2c,6s6d,1.000,40.99,1.41716,57.6216,16.97,1.84,83.03,1.33
Ah 8d 2c,6s6h,1.000,41.06,1.40432,57.0025,15.35,1.85,84.65,1.32
Ah 8d 2c,6s5s,1.000,15.52,0.96236,103.364,37.31,1.16,62.69,0.84
Ah 8d 2c,7s7c,1.000,42.03,1.4758,58.5214,19.20,2.00,80.80,1.35
Ah 8d 2c,7s7d,1.000,41.94,1.45886,57.9713,17.59,1.95,82.41,1.35
Ah 8d 2c,7s7h,1.000,42.02,1.48719,58.9935,19.56,2.07,80.44,1.35
Ah 8d 2c,7s6s,1.000,15.76,0.84695,89.5815,25.06,1.06,74.94,0.78
Ah 8d 2c,8s8c,1.000,96.01,14.2076,246.639,66.42,14.03,33.58,14.56
Ah 8d 2c,8s8h,1.000,96.00,14.1972,246.485,68.69,14.04,31.31,14.55
Ah 8d 2c,8s7s,1.000,50.31,2.01028,66.5978,33.24,1.83,66.76,2.10
Ah 8d 2c,9s9c,1.000,53.86,2.55466,79.0596,28.76,3.02,71.24,2.37
Ah 8d 2c,9s9d,1.000,53.84,2.53563,78.4987,24.94,3.02,75.06,2.37
Ah 8d 2c,9s9h,1.000,53.84,2.53735,78.5482,28.53,3.00,71.47,2.35
Ah 8d 2c,9s8s,1.000,52.24,2.22345,70.9383,4.41,2.09,95.59,2.23
Ah 8d 2c,TsTc,1.000,56.86,2.78515,81.6397,23.26,3.30,76.74,2.63
Ah 8d 2c,TsTd,1.000,56.84,2.75208,80.6974,18.65,3.28,81.35,2.63
Ah 8d 2c,TsTh,1.000,56.84,2.7398,80.3335,18.36,3.29,81.64,2.62
Ah 8d 2c,Ts8s,1.000,53.25,2.37512,74.3375,15.20,2.75,84.80,2.31
Ah 8d 2c,Ts9s,1.000,19.55,0.93,79.2774,40.28,1.22,59.72,0.74
Ah 8d 2c,JsTc,1.000,24.10,0.96218,66.5361,33.30,1.53,66.70,0.68
Ah 8d 2c,JsTd,1.000,24.09,0.97175,67.2342,33.99,1.55,66.01,0.68
Ah 8d 2c,JsTh,1.000,24.10,0.98189,67.9005,36.07,1.52,63.93,0.68
Ah 8d 2c,Js8s,1.000,54.28,2.53385,77.8007,15.51,2.93,84.49,2.46
Ah 8d 2c,Js9s,1.000,20.75,0.70065,56.2715,17.00,1.13,83.00,0.61
Ah 8d 2c,JsTs,1.000,24.02,0.98287,68.1913,39.79,1.48,60.21,0.65
Ah 8d 2c,QsTc,1.000,27.15,0.81771,50.1922,27.55,1.49,72.45,0.56
Ah 8d 2c,QsJc,1.000,29.22,0.76949,43.8955,21.05,1.43,78.95,0.59
Ah 8d 2c,QsTd,1.000,27.14,0.83689,51.3935,29.14,1.51,70.86,0.56
Ah 8d 2c,QsJd,1.000,29.20,0.77726,44.3578,21.87,1.43,78.13,0.59
Ah 8d 2c,QsTh,1.000,27.15,0.84506,51.8717,30.83,1.48,69.17,0.56
Ah 8d 2c,QsJh,1.000,29.22,0.85655,48.8628,31.15,1.42,68.85,0.60
Ah 8d 2c,Qs8s,1.000,55.35,2.58678,77.8913,7.32,2.80,92.68,2.57
Ah 8d 2c,Qs9s,1.000,23.82,0.50803,35.5507,2.34,0.84,97.66,0.50
Ah 8d 2c,QsTs,1.000,27.07,0.75283,46.3573,23.15,1.46,76.85,0.54
Ah 8d 2c,QsJs,1.000,29.13,0.71188,40.7316,19.09,1.30,80.91,0.57
Ah 8d 2c,KsTc,1.000,34.88,0.65688,31.392,12.12,1.47,87.88,0.54
Ah 8d 2c,KsJc,1.000,37.02,0.67741,30.4985,1.65,1.55,98.35,0.66
Ah 8d 2c,KsQc,1.000,39.25,0.79441,33.7346,0.82,1.55,99.18,0.79
Ah 8d 2c,KsTd,1.000,34.86,0.70193,33.557,16.86,1.48,83.14,0.54
Ah 8d 2c,KsJd,1.000,37.01,0.67768,30.5213,1.71,1.55,98.29,0.66
Ah 8d 2c,KsQd,1.000,39.24,0.79417,33.7351,0.82,1.52,99.18,0.79
Ah 8d 2c,KsTh,1.000,34.87,0.67427,32.2234,14.23,1.46,85.77,0.54
Ah 8d 2c,KsJh,1.000,37.02,0.6847,30.8271,1.96,1.55,98.04,0.67
Ah 8d 2c,KsQh,1.000,39.25,0.79418,33.7251,0.84,1.51,99.16,0.79
Ah 8d 2c,Ks2s,1.000,43.16,1.73832,67.1229,30.50,1.59,69.50,1.80
Ah 8d 2c,Ks3s,1.000,27.84,0.53572,32.0766,15.11,1.00,84.89,0.45
Ah 8d 2c,Ks4s,1.000,27.98,0.56353,33.5647,18.06,1.01,81.94,0.47
Ah 8d 2c,Ks5s,1.000,28.17,0.49536,29.3089,6.85,1.10,93.15,0.45
Ah 8d 2c,Ks6s,1.000,27.50,0.37171,22.5243,2.57,1.02,97.43,0.35
Ah 8d 2c,Ks7s,1.000,28.12,0.36224,21.4691,1.79,0.94,98.21,0.35
Ah 8d 2c,Ks8s,1.000,56.43,2.68793,79.3849,15.77,2.74,84.23,2.68
Ah 8d 2c,Ks9s,1.000,31.52,0.44749,23.6595,1.13,1.07,98.87,0.44
Ah 8d 2c,KsTs,1.000,34.78,0.56917,27.2752,3.76,1.51,96.24,0.53
Ah 8d 2c,KsJs,1.000,36.92,0.66224,29.8934,1.64,1.57,98.36,0.65
Ah 8d 2c,KsQs,1.000,39.15,0.77927,33.1741,0.75,1.50,99.25,0.77
Ah 8d 2c,As3c,1.000,76.94,4.68925,101.576,9.94,3.98,90.06,4.77
Ah 8d 2c,As4c,1.000,77.01,4.69973,101.714,10.52,3.97,89.48,4.79
Ah 8d 2c,As5c,1.000,77.37,4.71719,101.618,14.27,4.12,85.73,4.82
Ah 8d 2c,As6c,1.000,77.67,4.75141,101.959,11.61,4.09,88.39,4.84
Ah 8d 2c,As7c,1.000,78.45,4.80767,102.145,21.76,4.20,78.24,4.98
Ah 8d 2c,As8c,1.000,92.94,9.99512,179.244,47.79,9.63,52.21,10.33
Ah 8d 2c,As9c,1.000,81.01,5.29805,108.996,41.13,4.88,58.87,5.59
Ah 8d 2c,AsTc,1.000,82.47,5.72587,115.709,32.37,5.24,67.63,5.96
Ah 8d 2c,AsJc,1.000,83.88,6.21436,123.479,29.89,5.65,70.11,6.45
Ah 8d 2c,As2d,1.000,87.98,7.82464,148.219,38.56,7.21,61.44,8.21
Ah 8d 2c,As3d,1.000,76.93,4.68936,101.587,9.57,3.96,90.43,4.77
Ah 8d 2c,As4d,1.000,77.00,4.70271,101.787,9.95,3.96,90.05,4.79
Ah 8d 2c,As5d,1.000,77.36,4.72069,101.703,13.67,4.12,86.33,4.82
Ah 8d 2c,As6d,1.000,77.68,4.76187,102.162,11.35,4.12,88.65,4.84
Ah 8d 2c,As7d,1.000,78.46,4.85444,103.12,18.55,4.29,81.45,4.98
Ah 8d 2c,As9d,1.000,80.99,5.29947,109.052,40.79,4.89,59.21,5.58
Ah 8d 2c,AsTd,1.000,82.45,5.74705,116.166,29.95,5.26,70.05,5.96
Ah 8d 2c,AsJd,1.000,83.86,6.23448,123.908,26.90,5.66,73.10,6.45
Ah 8d 2c,As2h,1.000,87.98,7.82058,148.148,38.35,7.19,61.65,8.21
Ah 8d 2c,As3h,1.000,76.93,4.68723,101.548,9.41,3.96,90.59,4.76
Ah 8d 2c,As4h,1.000,77.00,4.69584,101.646,10.17,3.94,89.83,4.78
Ah 8d 2c,As5h,1.000,77.36,4.70683,101.411,15.44,4.13,84.56,4.81
Ah 8d 2c,As6h,1.000,77.66,4.7337,101.596,13.21,4.08,86.79,4.83
Ah 8d 2c,As7h,1.000,78.43,4.7611,101.172,29.01,4.25,70.99,4.97
Ah 8d 2c,As8h,1.000,92.95,9.95563,178.517,55.75,9.65,44.25,10.35
Ah 8d 2c,As9h,1.000,81.00,5.24178,107.861,47.52,4.86,52.48,5.58
Ah 8d 2c,AsTh,1.000,82.46,5.71809,115.577,32.15,5.22,67.85,5.95
Ah 8d 2c,AsJh,1.000,83.86,6.16195,122.463,31.78,5.64,68.22,6.40
Ah 8d 2c,As2s,1.000,87.97,7.88613,149.407,32.47,7.19,67.53,8.22
Ah 8d 2c,As3s,1.000,76.86,4.57437,99.1936,21.09,3.94,78.91,4.75
Ah 8d 2c,As4s,1.000,76.93,4.5776,99.176,22.33,3.93,77.67,4.76
Ah 8d 2c,As5s,1.000,77.27,4.64363,100.16,23.10,4.14,76.90,4.80
Ah 8d 2c,As6s,1.000,77.55,4.66084,100.163,19.59,4.03,80.41,4.82
Ah 8d 2c,As7s,1.000,78.31,4.65353,99.0468,36.14,4.12,63.86,4.95
Ah 8d 2c,As8s,1.000,92.87,10.0056,179.557,55.82,9.69,44.18,10.40
Ah 8d 2c,As9s,1.000,80.87,5.22627,107.703,43.97,4.80,56.03,5.56
Ah 8d 2c,AsTs,1.000,82.35,5.73597,116.095,29.01,5.26,70.99,5.93
