Flop,Hand,Weight OOP,OOP Equity,OOP EV,OOP EQR,RAISE 6%,RAISE 6 EV,CALL%,CALL EV,FOLD%,FOLD EV
Ah 8d 2s,6c5c,0.803,15.04,0.0066,0.73153,0.93,0.76,0.43,-0.12,98.64,0.00
Ah 8d 2s,7c5c,0.866,15.91,0.00715,0.74939,1.01,0.75,0.50,-0.10,98.49,0.00
Ah 8d 2s,7c6c,0.840,15.89,0.01002,1.05068,1.11,0.93,0.76,-0.05,98.13,0.00
Ah 8d 2s,8c6c,0.821,47.10,1.42319,50.3555,57.92,1.70,41.93,1.04,0.15,0.00
Ah 8d 2s,8c7c,0.787,47.76,1.35204,47.1852,65.78,1.50,34.08,1.08,0.15,0.00
Ah 8d 2s,9c6c,0.984,15.35,0.00477,0.51763,0.47,1.03,0.07,-0.13,99.46,0.00
Ah 8d 2s,9c7c,0.849,17.13,0.02157,2.0984,1.74,1.09,64.14,0.00,34.12,0.00
Ah 8d 2s,9c8c,0.937,48.83,1.051,35.8731,1.05,1.39,98.79,1.05,0.15,0.00
Ah 8d 2s,9c8h,0.907,49.05,1.24729,42.3788,35.33,1.56,64.53,1.08,0.15,0.00
Ah 8d 2s,9c8s,0.908,49.04,1.20825,41.06,29.96,1.50,69.89,1.09,0.15,0.00
Ah 8d 2s,Tc7c,0.990,14.42,0.00237,0.27399,0.31,0.78,0.02,-0.19,99.68,0.00
Ah 8d 2s,Tc8c,0.975,49.24,1.06347,35.9949,0.26,1.21,99.60,1.06,0.14,0.00
Ah 8d 2s,Tc9c,0.911,16.96,0.00661,0.64941,0.71,0.96,19.90,0.00,79.39,0.00
Ah 8d 2s,Tc9d,0.946,16.88,0.0066,0.65167,0.57,1.19,0.48,-0.05,98.95,0.00
Ah 8d 2s,Tc8h,0.970,49.38,1.07876,36.4089,0.28,1.23,99.58,1.08,0.14,0.00
Ah 8d 2s,Tc9h,0.932,16.89,0.00681,0.67209,0.58,1.22,0.48,-0.05,98.94,0.00
Ah 8d 2s,Tc8s,0.969,49.40,1.08556,36.6232,0.28,1.21,99.58,1.09,0.14,0.00
Ah 8d 2s,Tc9s,0.943,16.89,0.00711,0.7014,0.61,1.21,0.51,-0.05,98.88,0.00
Ah 8d 2s,Jc7c,0.994,14.54,0.00175,0.20044,0.27,0.67,0.01,-0.28,99.72,0.00
Ah 8d 2s,Jc8c,0.950,49.37,1.09731,37.0467,0.32,1.25,99.53,1.10,0.14,0.00
Ah 8d 2s,Jc9c,0.981,17.10,0.00382,0.37211,0.49,0.79,0.02,-0.05,99.49,0.00
Ah 8d 2s,JcTc,0.974,19.47,0.00374,0.31996,0.51,0.67,46.67,0.00,52.82,0.00
Ah 8d 2s,Jc9d,0.985,16.93,0.00402,0.39591,0.42,0.96,0.02,-0.11,99.56,0.00
Ah 8d 2s,JcTd,0.975,19.38,0.00298,0.25633,0.39,0.97,1.62,-0.05,97.99,0.00
Ah 8d 2s,Jc8h,0.932,49.39,1.11562,37.6499,8.07,1.31,91.79,1.10,0.14,0.00
Ah 8d 2s,Jc9h,0.983,16.93,0.00419,0.41211,0.42,1.00,0.02,-0.11,99.56,0.00
Ah 8d 2s,JcTh,0.973,19.40,0.00413,0.3549,0.45,1.04,2.03,-0.03,97.53,0.00
Ah 8d 2s,Jc8s,0.933,49.43,1.12132,37.8069,6.94,1.29,92.92,1.11,0.14,0.00
Ah 8d 2s,Jc9s,0.984,16.95,0.00427,0.42022,0.44,0.99,0.02,-0.11,99.54,0.00
Ah 8d 2s,JcTs,0.974,19.41,0.00412,0.35403,0.46,1.02,2.11,-0.03,97.43,0.00
Ah 8d 2s,Qc7c,0.996,18.00,0.00098,0.09044,0.18,0.56,0.01,-0.40,99.81,0.00
Ah 8d 2s,Qc8c,0.948,49.98,1.19261,39.7694,8.02,1.11,91.85,1.20,0.13,0.00
Ah 8d 2s,Qc9c,0.994,20.52,0.00242,0.19649,0.24,1.01,0.01,-0.20,99.74,0.00
Ah 8d 2s,QcTc,0.992,23.33,0.00203,0.14521,0.25,0.82,0.05,-0.09,99.69,0.00
Ah 8d 2s,QcJc,0.991,27.89,0.00225,0.13437,0.30,0.60,48.31,0.00,51.38,0.00
Ah 8d 2s,Qc9d,0.994,20.37,0.00266,0.21781,0.24,1.15,0.01,-0.26,99.75,0.00
Ah 8d 2s,QcTd,0.992,23.19,0.00238,0.17131,0.26,0.98,0.06,-0.19,99.68,0.00
Ah 8d 2s,QcJd,0.989,27.90,0.00265,0.15798,0.34,0.78,0.28,-0.01,99.37,0.00
Ah 8d 2s,Qc8h,0.938,49.94,1.19876,40.0077,9.72,1.28,90.15,1.19,0.13,0.00
Ah 8d 2s,Qc9h,0.994,20.39,0.00272,0.22217,0.24,1.15,0.01,-0.27,99.75,0.00
Ah 8d 2s,QcTh,0.991,23.22,0.00273,0.19576,0.26,1.08,0.06,-0.17,99.68,0.00
Ah 8d 2s,QcJh,0.986,28.04,0.00341,0.20284,0.37,0.94,1.05,0.00,98.58,0.00
Ah 8d 2s,Qc8s,0.938,50.00,1.20466,40.1573,8.44,1.26,91.43,1.20,0.13,0.00
Ah 8d 2s,Qc9s,0.994,20.41,0.00274,0.22374,0.24,1.15,0.01,-0.26,99.75,0.00
Ah 8d 2s,QcTs,0.992,23.23,0.00271,0.1942,0.27,1.05,0.06,-0.17,99.67,0.00
Ah 8d 2s,QcJs,0.989,27.95,0.00295,0.17597,0.34,0.88,0.28,-0.01,99.38,0.00
Ah 8d 2s,Kc2c,0.947,42.43,1.10304,43.3265,8.41,1.26,91.45,1.09,0.14,0.00
Ah 8d 2s,Kc3c,0.995,29.14,0.00197,0.11251,0.24,0.83,0.02,-0.33,99.74,0.00
Ah 8d 2s,Kc4c,0.994,29.17,0.00207,0.11805,0.25,0.86,0.02,-0.33,99.73,0.00
Ah 8d 2s,Kc5c,0.995,29.51,0.00161,0.09116,0.24,0.69,0.02,-0.31,99.74,0.00
Ah 8d 2s,Kc6c,0.997,29.07,0.00126,0.07222,0.19,0.70,0.02,-0.37,99.79,0.00
Ah 8d 2s,Kc7c,0.997,30.08,0.00134,0.07424,0.20,0.70,0.02,-0.34,99.78,0.00
Ah 8d 2s,Kc8c,0.972,50.80,1.64602,54.007,30.27,2.22,69.61,1.40,0.11,0.00
Ah 8d 2s,Kc9c,0.997,32.41,0.00217,0.11158,0.21,1.06,0.02,-0.24,99.77,0.00
Ah 8d 2s,KcTc,0.997,34.97,0.00131,0.0626,0.19,0.74,0.13,-0.06,99.68,0.00
Ah 8d 2s,KcJc,0.997,36.93,0.00149,0.06738,0.20,0.55,67.90,0.00,31.90,0.00
Ah 8d 2s,KcQc,0.998,37.19,0.0028,0.12558,0.18,0.85,80.35,0.00,19.47,0.00
Ah 8d 2s,Kc7d,0.997,29.97,0.00149,0.08299,0.19,0.83,0.02,-0.38,99.79,0.00
Ah 8d 2s,Kc9d,0.997,32.31,0.00229,0.11821,0.21,1.12,0.02,-0.29,99.77,0.00
Ah 8d 2s,KcTd,0.997,34.80,0.00147,0.07053,0.18,0.91,0.13,-0.14,99.68,0.00
Ah 8d 2s,KcJd,0.997,36.88,0.00149,0.06737,0.23,0.76,19.48,0.00,80.29,0.00
Ah 8d 2s,KcQd,0.998,37.06,0.00142,0.06389,0.19,0.87,20.14,0.00,79.67,0.00
Ah 8d 2s,Kc7h,0.997,30.06,0.00143,0.07952,0.18,0.82,0.02,-0.40,99.80,0.00
Ah 8d 2s,Kc8h,0.970,50.75,1.4738,48.3996,11.35,2.11,88.53,1.39,0.12,0.00
Ah 8d 2s,Kc9h,0.996,32.38,0.00235,0.12077,0.21,1.13,0.02,-0.29,99.77,0.00
Ah 8d 2s,KcTh,0.997,34.86,0.00165,0.07879,0.19,0.96,0.14,-0.12,99.67,0.00
Ah 8d 2s,KcJh,0.997,37.07,0.00272,0.1221,0.23,0.87,67.05,0.00,32.72,0.00
Ah 8d 2s,KcQh,0.998,37.17,0.00329,0.14754,0.20,1.00,51.53,0.00,48.27,0.00
Ah 8d 2s,Kc7s,0.997,30.10,0.00139,0.07721,0.19,0.77,0.02,-0.38,99.79,0.00
Ah 8d 2s,Kc8s,0.968,50.82,1.57099,51.5217,22.26,2.17,77.62,1.40,0.12,0.00
Ah 8d 2s,Kc9s,0.997,32.40,0.00237,0.12172,0.21,1.13,0.02,-0.28,99.77,0.00
Ah 8d 2s,KcTs,0.997,34.91,0.00162,0.07711,0.19,0.93,0.14,-0.13,99.67,0.00
Ah 8d 2s,KcJs,0.997,36.96,0.00214,0.09653,0.23,0.83,54.59,0.00,45.18,0.00
Ah 8d 2s,KcQs,0.998,37.18,0.00347,0.15571,0.20,0.99,67.27,0.00,32.53,0.00
Ah 8d 2s,Ac2c,0.861,82.83,7.61953,153.311,10.61,6.45,89.38,7.76,0.02,0.00
Ah 8d 2s,Ac3c,0.980,69.86,3.5269,84.1368,4.95,3.12,95.00,3.55,0.04,0.00
Ah 8d 2s,Ac4c,0.977,69.96,3.54707,84.4986,6.87,3.14,93.09,3.58,0.04,0.00
Ah 8d 2s,Ac5c,0.978,70.39,3.6009,85.2644,3.50,3.10,96.46,3.62,0.04,0.00
Ah 8d 2s,Ac6c,0.984,70.46,3.58919,84.8991,0.52,3.46,99.44,3.59,0.04,0.00
Ah 8d 2s,Ac7c,0.983,72.02,3.89826,90.2105,2.88,3.43,97.09,3.91,0.04,0.00
Ah 8d 2s,Ac8c,0.775,91.27,12.3946,226.324,40.73,11.63,59.27,12.92,0.01,0.00
Ah 8d 2s,Ac9c,0.933,75.97,4.9587,108.784,10.53,3.87,89.44,5.09,0.03,0.00
Ah 8d 2s,AcTc,0.935,77.86,5.52875,118.347,14.57,5.05,85.40,5.61,0.02,0.00
Ah 8d 2s,AcJc,0.824,80.81,6.31758,130.299,33.30,5.95,66.68,6.50,0.02,0.00
Ah 8d 2s,AcQc,0.610,81.93,6.63709,135.02,58.89,6.35,41.09,7.06,0.02,0.00
Ah 8d 2s,AcKc,0.350,82.43,6.86485,138.804,83.97,6.80,16.02,7.24,0.02,0.00
Ah 8d 2s,Ac2d,0.895,82.89,7.50083,150.821,18.99,6.40,81.00,7.76,0.02,0.00
Ah 8d 2s,Ac3d,0.986,70.01,3.56676,84.9167,4.84,3.22,95.12,3.59,0.04,0.00
Ah 8d 2s,Ac4d,0.985,70.09,3.60277,85.6653,3.25,3.32,96.71,3.61,0.04,0.00
Ah 8d 2s,Ac5d,0.983,70.43,3.64431,86.2414,5.51,3.63,94.45,3.65,0.04,0.00
Ah 8d 2s,Ac6d,0.986,70.42,3.6475,86.3243,7.70,4.00,92.26,3.62,0.04,0.00
Ah 8d 2s,Ac7d,0.984,72.14,3.95687,91.4199,1.43,3.76,98.53,3.96,0.04,0.00
Ah 8d 2s,Ac9d,0.958,76.09,5.15009,112.807,1.71,4.08,98.26,5.17,0.03,0.00
Ah 8d 2s,AcTd,0.910,77.92,5.64193,120.679,9.36,5.45,90.61,5.66,0.02,0.00
Ah 8d 2s,AcJd,0.845,80.77,6.47586,133.62,19.81,6.27,80.17,6.53,0.02,0.00
Ah 8d 2s,AcQd,0.698,82.10,6.9222,140.529,44.64,6.69,55.34,7.11,0.02,0.00
Ah 8d 2s,AcKd,0.737,82.57,7.11207,143.559,47.98,6.92,52.00,7.30,0.02,0.00
Ah 8d 2s,Ac2h,0.887,82.84,7.56217,152.149,12.64,6.40,87.34,7.73,0.02,0.00
Ah 8d 2s,Ac3h,0.987,69.95,3.5812,85.3328,0.23,3.33,99.73,3.58,0.04,0.00
Ah 8d 2s,Ac4h,0.985,70.04,3.60873,85.8748,0.22,3.46,99.73,3.61,0.04,0.00
Ah 8d 2s,Ac5h,0.984,70.39,3.64636,86.3382,2.65,3.64,97.30,3.65,0.04,0.00
Ah 8d 2s,Ac6h,0.986,70.39,3.61876,85.6788,1.27,3.88,98.69,3.62,0.04,0.00
Ah 8d 2s,Ac7h,0.984,71.95,3.92214,90.8523,1.87,3.56,98.09,3.93,0.04,0.00
Ah 8d 2s,Ac8h,0.755,91.35,12.2445,223.403,45.33,11.43,54.66,12.92,0.01,0.00
Ah 8d 2s,Ac9h,0.961,76.00,5.13542,112.624,0.77,4.08,99.20,5.14,0.03,0.00
Ah 8d 2s,AcTh,0.908,77.82,5.60222,119.979,10.10,5.44,89.87,5.62,0.03,0.00
Ah 8d 2s,AcJh,0.824,80.87,6.47493,133.442,19.24,6.29,80.74,6.52,0.02,0.00
Ah 8d 2s,AcQh,0.617,82.04,6.96471,141.49,36.43,6.77,63.55,7.08,0.02,0.00
Ah 8d 2s,AcKh,0.666,82.42,7.10548,143.685,51.89,6.97,48.09,7.26,0.02,0.00
Ah 8d 2s,Ac3s,0.986,70.02,3.57393,85.0723,5.76,3.38,94.20,3.59,0.04,0.00
Ah 8d 2s,Ac4s,0.985,70.11,3.60383,85.6745,6.35,3.46,93.61,3.61,0.04,0.00
Ah 8d 2s,Ac5s,0.982,70.45,3.64585,86.2517,6.49,3.63,93.47,3.65,0.04,0.00
Ah 8d 2s,Ac6s,0.986,70.44,3.62754,85.8284,3.14,3.93,96.82,3.62,0.04,0.00
Ah 8d 2s,Ac7s,0.983,72.06,3.9254,90.7946,3.58,3.57,96.38,3.94,0.04,0.00
Ah 8d 2s,Ac8s,0.756,91.35,12.0288,219.471,62.35,11.49,37.64,12.93,0.01,0.00
Ah 8d 2s,Ac9s,0.955,76.07,5.15392,112.916,0.79,4.12,99.18,5.16,0.03,0.00
Ah 8d 2s,AcTs,0.904,77.92,5.6373,120.585,9.63,5.51,90.35,5.65,0.02,0.00
Ah 8d 2s,AcJs,0.835,80.74,6.48494,133.862,20.18,6.34,79.80,6.52,0.02,0.00
Ah 8d 2s,AcQs,0.644,82.06,6.96789,141.512,39.84,6.77,60.15,7.10,0.02,0.00
Ah 8d 2s,AcKs,0.793,82.60,7.02354,141.719,42.41,6.68,57.57,7.28,0.02,0.00
Ah 8d 2s,2d2c,0.516,93.06,14.5538,260.665,85.87,14.38,14.12,15.63,0.01,0.00
Ah 8d 2s,3d3c,0.918,38.27,0.65839,28.6703,13.74,1.46,85.95,0.53,0.31,0.00
Ah 8d 2s,4d4c,0.912,38.52,0.7007,30.316,15.63,1.51,84.08,0.55,0.30,0.00
Ah 8d 2s,5d5c,0.961,38.66,0.65343,28.172,10.92,1.51,88.79,0.55,0.29,0.00
Ah 8d 2s,6d6c,0.991,38.55,0.53273,23.0292,0.32,1.79,99.48,0.53,0.21,0.00
Ah 8d 2s,6d5d,0.563,18.56,1.41919,127.438,96.66,1.46,2.37,0.21,0.97,0.00
Ah 8d 2s,7d7c,0.993,40.92,0.65713,26.7625,0.27,1.64,99.57,0.66,0.16,0.00
Ah 8d 2s,7d5d,0.578,19.32,1.10777,95.5772,73.22,1.43,25.83,0.22,0.95,0.00
Ah 8d 2s,7d6d,0.535,19.31,1.05474,91.0457,63.24,1.53,35.88,0.24,0.88,0.00
Ah 8d 2s,9d8c,0.931,48.80,1.19606,40.8482,15.79,1.92,84.06,1.06,0.15,0.00
Ah 8d 2s,9d9c,0.990,48.56,1.41613,48.5997,0.19,2.82,99.71,1.42,0.11,0.00
Ah 8d 2s,9d6d,0.695,18.87,0.89031,78.6389,48.97,1.70,48.76,0.12,2.28,0.00
Ah 8d 2s,9d7d,0.758,20.65,1.01576,81.9919,48.67,1.74,50.75,0.34,0.58,0.00
Ah 8d 2s,9d8h,0.901,49.02,1.4249,48.4416,35.71,2.03,64.15,1.09,0.14,0.00
Ah 8d 2s,9d8s,0.903,49.02,1.33291,45.3221,28.02,1.94,71.84,1.10,0.14,0.00
Ah 8d 2s,Td8c,0.973,49.12,1.07898,36.6073,2.57,1.91,97.28,1.06,0.15,0.00
Ah 8d 2s,Td9c,0.962,16.91,0.00657,0.64697,0.59,1.18,0.48,-0.08,98.93,0.00
Ah 8d 2s,TdTc,0.995,49.81,1.59685,53.4354,0.11,2.85,99.81,1.60,0.08,0.00
Ah 8d 2s,Td7d,0.668,18.03,0.06488,5.99725,4.32,1.50,27.96,0.00,67.72,0.00
Ah 8d 2s,Td9d,0.444,20.54,1.18212,95.8968,66.74,1.63,32.51,0.28,0.75,0.00
Ah 8d 2s,Td8h,0.966,49.27,1.09122,36.9153,2.13,1.81,97.72,1.08,0.15,0.00
Ah 8d 2s,Td9h,0.954,16.93,0.00683,0.67203,0.54,1.37,0.45,-0.13,99.01,0.00
Ah 8d 2s,Td8s,0.964,49.29,1.09818,37.1357,2.55,1.77,97.30,1.08,0.15,0.00
Ah 8d 2s,Td9s,0.960,16.94,0.00687,0.67578,0.56,1.32,0.47,-0.12,98.97,0.00
Ah 8d 2s,Jd8c,0.932,49.41,1.15419,38.9338,4.45,1.82,95.41,1.12,0.14,0.00
Ah 8d 2s,Jd9c,0.982,17.05,0.00498,0.48708,0.51,0.99,0.03,-0.09,99.47,0.00
Ah 8d 2s,JdTc,0.961,19.52,0.00532,0.45438,0.59,0.92,15.62,0.00,83.80,0.00
Ah 8d 2s,JdJc,0.995,53.04,1.9243,60.465,0.09,2.91,99.84,1.92,0.07,0.00
Ah 8d 2s,Jd7d,0.936,18.15,0.01142,1.0492,1.05,1.11,0.34,-0.05,98.61,0.00
Ah 8d 2s,Jd9d,0.445,20.61,0.34274,27.7102,13.28,1.38,85.13,0.19,1.59,0.00
Ah 8d 2s,JdTd,0.471,22.79,0.4187,30.6145,11.57,1.42,87.64,0.29,0.78,0.00
Ah 8d 2s,Jd8h,0.900,49.43,1.1881,40.0595,8.64,1.78,91.22,1.13,0.14,0.00
Ah 8d 2s,Jd9h,0.978,17.02,0.00547,0.53603,0.49,1.12,0.02,-0.14,99.48,0.00
Ah 8d 2s,JdTh,0.953,19.45,0.00605,0.51806,0.55,1.18,1.15,-0.03,98.30,0.00
Ah 8d 2s,Jd8s,0.902,49.48,1.1903,40.0958,7.90,1.75,91.95,1.14,0.14,0.00
Ah 8d 2s,Jd9s,0.980,17.03,0.00563,0.55067,0.51,1.10,0.03,-0.14,99.46,0.00
Ah 8d 2s,JdTs,0.957,19.45,0.00625,0.53523,0.57,1.17,1.22,-0.04,98.21,0.00
Ah 8d 2s,Qd8c,0.926,50.03,1.44219,48.042,19.79,2.28,80.08,1.24,0.13,0.00
Ah 8d 2s,Qd9c,0.993,20.43,0.00248,0.20207,0.25,1.00,0.01,-0.25,99.73,0.00
Ah 8d 2s,QdTc,0.989,23.32,0.00229,0.16369,0.27,0.86,0.06,-0.12,99.66,0.00
Ah 8d 2s,QdJc,0.988,27.85,0.00221,0.13236,0.34,0.68,0.39,-0.02,99.27,0.00
Ah 8d 2s,QdQc,0.997,53.72,1.99363,61.85,0.07,2.86,99.87,1.99,0.06,0.00
Ah 8d 2s,Qd7d,0.985,21.40,0.00397,0.30939,0.40,1.00,0.02,-0.19,99.57,0.00
Ah 8d 2s,Qd9d,0.756,23.83,0.01946,1.36093,1.34,1.43,31.65,0.00,67.01,0.00
Ah 8d 2s,QdTd,0.798,26.25,0.08137,5.16599,0.33,1.29,97.40,0.08,2.27,0.00
Ah 8d 2s,QdJd,0.956,30.73,0.27359,14.8365,0.13,1.12,99.16,0.27,0.71,0.00
Ah 8d 2s,Qd8h,0.911,49.99,1.43017,47.6807,22.20,2.09,77.68,1.24,0.13,0.00
Ah 8d 2s,Qd9h,0.992,20.39,0.00298,0.24389,0.26,1.18,0.01,-0.30,99.73,0.00
Ah 8d 2s,QdTh,0.989,23.20,0.00283,0.20345,0.28,1.06,0.07,-0.19,99.64,0.00
Ah 8d 2s,QdJh,0.981,27.98,0.00366,0.21775,0.39,0.97,0.39,-0.03,99.22,0.00
Ah 8d 2s,Qd8s,0.912,50.05,1.43253,47.7023,22.25,2.07,77.63,1.25,0.13,0.00
Ah 8d 2s,Qd9s,0.992,20.41,0.00295,0.24125,0.26,1.16,0.01,-0.29,99.73,0.00
Ah 8d 2s,QdTs,0.989,23.21,0.00287,0.20628,0.29,1.05,0.07,-0.19,99.64,0.00
Ah 8d 2s,QdJs,0.985,27.89,0.00312,0.18613,0.36,0.91,0.30,-0.04,99.34,0.00
Ah 8d 2s,Kd7c,0.995,29.89,0.00092,0.05138,0.19,0.52,0.02,-0.38,99.79,0.00
Ah 8d 2s,Kd8c,0.964,50.61,1.54234,50.7882,15.18,2.33,84.70,1.40,0.12,0.00
Ah 8d 2s,Kd9c,0.995,32.21,0.00173,0.08967,0.20,0.91,0.02,-0.28,99.78,0.00
Ah 8d 2s,KdTc,0.995,34.75,0.00094,0.0452,0.18,0.57,0.13,-0.08,99.69,0.00
Ah 8d 2s,KdJc,0.996,36.61,0.00075,0.03396,0.22,0.43,14.23,0.00,85.56,0.00
Ah 8d 2s,KdQc,0.998,36.83,0.00096,0.04348,0.18,0.65,11.24,0.00,88.58,0.00
Ah 8d 2s,KdKc,0.998,55.78,2.31608,69.207,0.05,2.75,99.90,2.32,0.06,0.00
Ah 8d 2s,Kd2d,0.922,44.90,1.75969,65.3165,29.52,1.86,70.39,1.72,0.09,0.00
Ah 8d 2s,Kd3d,0.739,32.07,0.01107,0.5754,1.07,0.95,62.29,0.00,36.64,0.00
Ah 8d 2s,Kd4d,0.669,32.09,0.01407,0.73097,1.07,0.97,82.13,0.00,16.79,0.00
Ah 8d 2s,Kd5d,0.833,32.28,0.01149,0.59335,0.99,1.09,64.83,0.00,34.18,0.00
Ah 8d 2s,Kd6d,0.973,31.87,0.00382,0.19979,0.41,1.01,0.38,-0.08,99.22,0.00
Ah 8d 2s,Kd7d,0.971,32.77,0.00324,0.16475,0.40,0.90,0.69,-0.05,98.91,0.00
Ah 8d 2s,Kd9d,0.952,34.95,0.00828,0.39489,0.55,1.27,82.63,0.00,16.81,0.00
Ah 8d 2s,KdTd,0.990,37.18,0.17456,7.82526,0.12,1.12,99.05,0.17,0.83,0.00
Ah 8d 2s,KdJd,0.995,39.11,0.33248,14.1677,0.08,0.94,99.46,0.33,0.45,0.00
Ah 8d 2s,KdQd,0.997,39.25,0.33977,14.427,0.09,1.02,99.57,0.34,0.34,0.00
Ah 8d 2s,Kd7h,0.995,29.89,0.00099,0.05495,0.18,0.60,0.02,-0.44,99.81,0.00
Ah 8d 2s,Kd8h,0.965,50.56,1.41314,46.5817,1.13,2.19,98.75,1.41,0.11,0.00
Ah 8d 2s,Kd9h,0.995,32.19,0.00208,0.10748,0.20,1.06,0.02,-0.32,99.78,0.00
Ah 8d 2s,KdTh,0.995,34.63,0.00136,0.06532,0.18,0.84,0.13,-0.14,99.68,0.00
Ah 8d 2s,KdJh,0.996,36.74,0.00157,0.07123,0.24,0.72,16.91,0.00,82.85,0.00
Ah 8d 2s,KdQh,0.997,36.81,0.00138,0.06254,0.18,0.87,3.74,0.00,96.08,0.00
Ah 8d 2s,Kd7s,0.995,29.93,0.00097,0.05419,0.18,0.57,0.02,-0.41,99.80,0.00
Ah 8d 2s,Kd8s,0.964,50.63,1.46728,48.3001,6.86,2.23,93.03,1.41,0.11,0.00
Ah 8d 2s,Kd9s,0.995,32.21,0.00207,0.10691,0.20,1.05,0.02,-0.31,99.78,0.00
Ah 8d 2s,KdTs,0.995,34.68,0.00131,0.06319,0.19,0.81,0.13,-0.14,99.68,0.00
Ah 8d 2s,KdJs,0.996,36.64,0.00133,0.06036,0.22,0.67,9.83,0.00,89.95,0.00
Ah 8d 2s,KdQs,0.997,36.83,0.0014,0.06345,0.18,0.84,3.91,0.00,95.91,0.00
Ah 8d 2s,Ad2c,0.865,83.01,7.53906,151.376,19.05,6.50,80.93,7.78,0.01,0.00
Ah 8d 2s,Ad3c,0.977,70.08,3.56193,84.7147,9.91,3.14,90.05,3.61,0.04,0.00
Ah 8d 2s,Ad4c,0.974,70.17,3.58142,85.0607,11.81,3.16,88.14,3.64,0.04,0.00
Ah 8d 2s,Ad5c,0.975,70.59,3.62907,85.6804,9.14,3.14,90.82,3.68,0.04,0.00
Ah 8d 2s,Ad6c,0.984,70.67,3.63599,85.7563,4.63,3.53,95.33,3.64,0.04,0.00
Ah 8d 2s,Ad7c,0.983,72.22,3.9443,91.0309,4.23,3.46,95.73,3.97,0.04,0.00
Ah 8d 2s,Ad8c,0.779,91.46,12.4304,226.526,41.78,11.67,58.22,12.98,0.01,0.00
Ah 8d 2s,Ad9c,0.937,76.16,5.02221,109.912,9.89,3.90,90.08,5.15,0.03,0.00
Ah 8d 2s,AdTc,0.939,78.08,5.57574,119.022,16.51,5.09,83.47,5.67,0.02,0.00
Ah 8d 2s,AdJc,0.840,80.84,6.37242,131.381,31.63,5.98,68.35,6.55,0.02,0.00
Ah 8d 2s,AdQc,0.628,82.14,6.68332,135.608,61.43,6.40,38.56,7.14,0.02,0.00
Ah 8d 2s,AdKc,0.357,82.64,7.04931,142.163,59.16,6.87,40.82,7.32,0.02,0.00
Ah 8d 2s,AdAc,0.927,96.92,17.8917,307.674,38.29,15.43,61.70,19.42,0.00,0.00
Ah 8d 2s,Ad2d,0.882,83.82,8.43322,167.686,3.08,6.97,96.91,8.48,0.01,0.00
Ah 8d 2s,Ad3d,0.985,71.65,4.45272,103.573,0.40,3.67,99.57,4.46,0.03,0.00
Ah 8d 2s,Ad4d,0.983,71.74,4.47794,104.028,0.62,3.77,99.35,4.48,0.03,0.00
Ah 8d 2s,Ad5d,0.980,72.05,4.50279,104.162,0.30,4.10,99.67,4.51,0.03,0.00
Ah 8d 2s,Ad6d,0.985,72.02,4.45646,103.133,0.26,4.40,99.71,4.46,0.03,0.00
Ah 8d 2s,Ad7d,0.982,73.62,4.79428,108.533,0.34,4.20,99.63,4.80,0.03,0.00
Ah 8d 2s,Ad9d,0.945,77.39,5.93525,127.816,1.77,4.62,98.20,5.96,0.02,0.00
Ah 8d 2s,AdTd,0.887,79.13,6.40011,134.806,5.23,5.91,94.75,6.43,0.02,0.00
Ah 8d 2s,AdJd,0.787,82.13,7.18208,145.747,18.82,6.74,81.16,7.29,0.02,0.00
Ah 8d 2s,AdQd,0.629,83.23,7.58265,151.835,38.49,7.16,61.49,7.85,0.02,0.00
Ah 8d 2s,AdKd,0.699,83.61,7.41042,147.722,96.25,7.39,3.75,7.95,0.01,0.00
Ah 8d 2s,Ad2h,0.891,83.01,7.50114,150.601,19.20,6.43,80.78,7.76,0.02,0.00
Ah 8d 2s,Ad3h,0.986,70.15,3.64034,86.4871,0.97,3.32,98.99,3.64,0.04,0.00
Ah 8d 2s,Ad4h,0.984,70.24,3.66958,87.0691,0.44,3.45,99.51,3.67,0.04,0.00
Ah 8d 2s,Ad5h,0.983,70.59,3.70267,87.4165,5.04,3.64,94.92,3.71,0.04,0.00
Ah 8d 2s,Ad6h,0.986,70.59,3.67562,86.7798,4.16,3.88,95.80,3.67,0.04,0.00
Ah 8d 2s,Ad7h,0.983,72.15,3.97765,91.8894,1.29,3.58,98.68,3.98,0.04,0.00
Ah 8d 2s,Ad8h,0.760,91.53,12.3004,223.979,44.97,11.47,55.02,12.98,0.01,0.00
Ah 8d 2s,Ad9h,0.963,76.18,5.19548,113.672,0.75,4.10,99.23,5.21,0.03,0.00
Ah 8d 2s,AdTh,0.913,78.04,5.66287,120.944,9.59,5.46,90.39,5.69,0.02,0.00
Ah 8d 2s,AdJh,0.839,81.08,6.54034,134.448,20.68,6.35,79.30,6.59,0.02,0.00
Ah 8d 2s,AdQh,0.643,82.25,7.02883,142.42,38.11,6.82,61.87,7.16,0.02,0.00
Ah 8d 2s,AdKh,0.678,82.64,7.21529,145.519,40.63,7.04,59.36,7.34,0.02,0.00
Ah 8d 2s,Ad3s,0.985,70.22,3.62603,86.0611,7.69,3.37,92.27,3.65,0.04,0.00
Ah 8d 2s,Ad4s,0.984,70.31,3.65997,86.7569,6.88,3.46,93.07,3.68,0.04,0.00
Ah 8d 2s,Ad5s,0.981,70.65,3.70088,87.304,6.63,3.62,93.33,3.71,0.04,0.00
Ah 8d 2s,Ad6s,0.986,70.64,3.6825,86.8846,4.98,3.93,94.97,3.67,0.04,0.00
Ah 8d 2s,Ad7s,0.983,72.24,3.98002,91.8202,3.19,3.60,96.78,3.99,0.04,0.00
Ah 8d 2s,Ad8s,0.762,91.53,12.0876,220.11,61.94,11.54,38.05,12.98,0.01,0.00
Ah 8d 2s,Ad9s,0.957,76.25,5.21413,113.967,0.77,4.12,99.21,5.22,0.03,0.00
Ah 8d 2s,AdTs,0.909,78.13,5.69544,121.496,10.81,5.54,89.16,5.72,0.02,0.00
Ah 8d 2s,AdJs,0.848,80.95,6.5501,134.863,21.37,6.39,78.60,6.59,0.02,0.00
Ah 8d 2s,AdQs,0.673,82.28,7.0313,142.428,40.75,6.82,59.23,7.18,0.02,0.00
Ah 8d 2s,AdKs,0.808,82.82,7.18069,144.512,27.82,6.72,72.16,7.36,0.02,0.00
Ah 8d 2s,2h2c,0.517,93.02,14.5685,261.019,83.92,14.37,16.07,15.61,0.01,0.00
Ah 8d 2s,2h2d,0.564,93.07,14.6337,262.049,82.03,14.42,17.97,15.61,0.01,0.00
Ah 8d 2s,3h3c,0.912,38.19,0.61382,26.7893,11.78,1.43,87.90,0.51,0.32,0.00
Ah 8d 2s,3h3d,0.938,38.27,0.66803,29.0894,14.83,1.45,84.87,0.53,0.30,0.00
Ah 8d 2s,4h4c,0.909,38.45,0.64748,28.0693,12.40,1.52,87.29,0.53,0.31,0.00
Ah 8d 2s,4h4d,0.933,38.52,0.77216,33.4114,20.14,1.64,79.57,0.55,0.29,0.00
Ah 8d 2s,5h5c,0.960,38.61,0.58309,25.1668,6.16,1.48,93.53,0.53,0.31,0.00
Ah 8d 2s,5h5d,0.963,38.51,0.68457,29.6259,11.36,1.82,88.34,0.54,0.30,0.00
Ah 8d 2s,6h6c,0.991,38.50,0.50538,21.8768,0.31,1.72,99.49,0.50,0.20,0.00
Ah 8d 2s,6h6d,0.991,38.36,0.52801,22.9411,0.35,1.92,99.42,0.52,0.22,0.00
Ah 8d 2s,6h5h,0.617,18.59,1.13736,101.966,84.49,1.32,14.38,0.18,1.13,0.00
Ah 8d 2s,7h7c,0.993,41.07,0.63391,25.7218,0.27,1.66,99.57,0.63,0.17,0.00
Ah 8d 2s,7h7d,0.993,40.81,0.65538,26.7659,0.26,1.82,99.57,0.65,0.16,0.00
Ah 8d 2s,7h5h,0.632,19.48,1.24093,106.196,83.85,1.44,15.11,0.20,1.04,0.00
Ah 8d 2s,7h6h,0.614,19.46,0.92317,79.0634,59.18,1.43,39.78,0.20,1.05,0.00
Ah 8d 2s,8h8c,0.661,95.87,17.2675,300.193,70.36,16.91,29.64,18.13,0.00,0.00
Ah 8d 2s,8h6h,0.881,49.71,2.2905,76.7993,63.40,2.61,36.51,1.74,0.09,0.00
Ah 8d 2s,8h7h,0.894,50.36,2.01886,66.8199,54.37,2.23,45.54,1.77,0.09,0.00
Ah 8d 2s,9h8c,0.926,48.81,1.34236,45.8359,27.90,2.08,71.95,1.06,0.15,0.00
Ah 8d 2s,9h9c,0.990,48.46,1.37472,47.2836,0.19,2.85,99.70,1.37,0.11,0.00
Ah 8d 2s,9h9d,0.987,48.46,1.52891,52.5801,6.82,2.92,93.07,1.43,0.11,0.00
Ah 8d 2s,9h6h,0.664,19.05,0.60811,53.2028,32.42,1.68,65.03,0.10,2.56,0.00
Ah 8d 2s,9h7h,0.774,20.80,1.23171,98.7006,62.01,1.79,37.40,0.32,0.59,0.00
Ah 8d 2s,9h8h,0.933,51.56,1.84091,59.5121,3.60,2.62,96.33,1.81,0.07,0.00
Ah 8d 2s,9h8s,0.898,49.03,1.47169,50.0305,36.51,2.13,63.34,1.10,0.14,0.00
Ah 8d 2s,Th8c,0.976,49.05,1.05085,35.7097,0.32,2.03,99.53,1.05,0.15,0.00
Ah 8d 2s,Th9c,0.955,16.92,0.0081,0.79784,0.67,1.25,0.53,-0.05,98.80,0.00
Ah 8d 2s,ThTc,0.995,49.60,1.55583,52.2753,0.11,2.87,99.81,1.56,0.08,0.00
Ah 8d 2s,Th9d,0.956,16.92,0.00743,0.73163,0.60,1.33,0.49,-0.10,98.91,0.00
Ah 8d 2s,ThTd,0.995,49.50,1.55792,52.4591,0.12,2.92,99.80,1.56,0.09,0.00
Ah 8d 2s,Th7h,0.642,18.20,0.1372,12.5653,9.12,1.51,36.33,0.00,54.55,0.00
Ah 8d 2s,Th8h,0.942,51.68,1.81256,58.4596,7.25,2.65,92.67,1.75,0.08,0.00
Ah 8d 2s,Th9h,0.512,20.64,1.23094,99.3906,64.05,1.76,35.29,0.30,0.66,0.00
Ah 8d 2s,Th8s,0.969,49.21,1.08069,36.6028,0.92,1.90,98.93,1.07,0.14,0.00
Ah 8d 2s,Th9s,0.954,16.94,0.00775,0.76277,0.63,1.31,0.51,-0.10,98.86,0.00
Ah 8d 2s,Jh8c,0.935,49.52,1.18362,39.8366,6.45,1.93,93.41,1.13,0.14,0.00
Ah 8d 2s,Jh9c,0.974,17.16,0.00652,0.63298,0.58,1.12,0.03,-0.09,99.39,0.00
Ah 8d 2s,JhTc,0.925,19.61,0.00698,0.59342,0.72,1.05,24.41,0.00,74.88,0.00
Ah 8d 2s,JhJc,0.995,53.02,1.88209,59.1628,0.10,2.88,99.84,1.88,0.07,0.00
Ah 8d 2s,Jh9d,0.974,17.12,0.00693,0.67426,0.56,1.24,0.04,-0.13,99.40,0.00
Ah 8d 2s,JhTd,0.936,19.53,0.00565,0.48231,0.53,1.23,1.68,-0.06,97.79,0.00
Ah 8d 2s,JhJd,0.995,53.16,1.93487,60.6598,0.10,3.16,99.83,1.94,0.07,0.00
Ah 8d 2s,Jh7h,0.801,18.46,0.02561,2.3114,1.93,1.35,1.33,-0.04,96.73,0.00
Ah 8d 2s,Jh8h,0.853,52.04,1.97738,63.3332,19.64,2.48,80.28,1.86,0.08,0.00
Ah 8d 2s,Jh9h,0.470,20.84,1.00599,80.4497,56.07,1.61,43.00,0.24,0.94,0.00
Ah 8d 2s,JhTh,0.507,23.03,0.79322,57.4052,32.92,1.68,66.53,0.36,0.55,0.00
Ah 8d 2s,Jh8s,0.908,49.59,1.23038,41.3518,11.39,1.83,88.47,1.16,0.14,0.00
Ah 8d 2s,Jh9s,0.973,17.14,0.00732,0.71127,0.59,1.24,0.04,-0.13,99.37,0.00
Ah 8d 2s,JhTs,0.932,19.55,0.00763,0.65069,0.66,1.28,2.21,-0.03,97.13,0.00
Ah 8d 2s,Qh8c,0.935,50.00,1.49962,49.9916,21.81,2.51,78.06,1.22,0.13,0.00
Ah 8d 2s,Qh9c,0.993,20.51,0.00302,0.24565,0.26,1.17,0.02,-0.27,99.72,0.00
Ah 8d 2s,QhTc,0.989,23.40,0.00292,0.20818,0.28,1.06,0.06,-0.13,99.65,0.00
Ah 8d 2s,QhJc,0.988,27.91,0.00266,0.15889,0.33,0.83,0.28,-0.04,99.39,0.00
Ah 8d 2s,QhQc,0.997,53.44,1.91487,59.7168,0.07,2.84,99.86,1.92,0.06,0.00
Ah 8d 2s,Qh9d,0.992,20.46,0.00321,0.26151,0.27,1.22,0.02,-0.31,99.72,0.00
Ah 8d 2s,QhTd,0.989,23.24,0.00302,0.21625,0.29,1.11,0.07,-0.24,99.64,0.00
Ah 8d 2s,QhJd,0.985,27.90,0.00329,0.19633,0.35,0.97,0.31,-0.05,99.34,0.00
Ah 8d 2s,QhQd,0.997,53.69,1.99011,61.7773,0.07,2.93,99.86,1.99,0.06,0.00
Ah 8d 2s,Qh7h,0.978,21.76,0.00607,0.46535,0.51,1.22,0.07,-0.18,99.42,0.00
Ah 8d 2s,Qh8h,0.860,52.46,2.42074,76.9092,45.20,2.94,54.72,1.99,0.08,0.00
Ah 8d 2s,Qh9h,0.439,24.06,0.06827,4.72871,2.39,1.66,85.17,0.03,12.44,0.00
Ah 8d 2s,QhTh,0.720,26.54,0.14379,9.02804,0.42,1.54,98.36,0.14,1.22,0.00
Ah 8d 2s,QhJh,0.906,31.10,0.31876,17.082,0.15,1.44,99.29,0.32,0.56,0.00
Ah 8d 2s,Qh8s,0.927,50.01,1.30686,43.5509,6.76,2.32,93.12,1.23,0.13,0.00
Ah 8d 2s,Qh9s,0.992,20.50,0.0033,0.26814,0.27,1.23,0.02,-0.31,99.71,0.00
Ah 8d 2s,QhTs,0.988,23.29,0.0033,0.23644,0.30,1.14,0.07,-0.21,99.63,0.00
Ah 8d 2s,QhJs,0.984,27.95,0.00363,0.21632,0.36,1.06,0.30,-0.06,99.33,0.00
Ah 8d 2s,Kh7c,0.995,30.09,0.00121,0.06678,0.19,0.69,0.02,-0.41,99.80,0.00
Ah 8d 2s,Kh8c,0.958,50.34,1.43725,47.5808,5.61,2.43,94.28,1.38,0.12,0.00
Ah 8d 2s,Kh9c,0.995,32.30,0.00186,0.09584,0.20,0.98,0.02,-0.31,99.79,0.00
Ah 8d 2s,KhTc,0.995,34.75,0.00122,0.05864,0.18,0.76,0.12,-0.10,99.70,0.00
Ah 8d 2s,KhJc,0.996,36.49,0.00098,0.04496,0.20,0.55,1.11,-0.01,98.69,0.00
Ah 8d 2s,KhQc,0.998,36.67,0.00082,0.03706,0.16,0.80,3.05,-0.01,96.79,0.00
Ah 8d 2s,KhKc,0.998,55.26,2.23727,67.4782,0.05,2.73,99.90,2.24,0.06,0.00
Ah 8d 2s,Kh7d,0.995,30.00,0.00135,0.07517,0.18,0.79,0.02,-0.44,99.80,0.00
Ah 8d 2s,Kh9d,0.994,32.21,0.00201,0.10392,0.20,1.05,0.02,-0.34,99.78,0.00
Ah 8d 2s,KhTd,0.995,34.56,0.00132,0.0636,0.18,0.88,0.13,-0.17,99.70,0.00
Ah 8d 2s,KhJd,0.996,36.44,0.00136,0.06219,0.20,0.75,1.03,-0.01,98.77,0.00
Ah 8d 2s,KhQd,0.997,36.54,0.00079,0.03598,0.15,0.84,2.48,-0.02,97.37,0.00
Ah 8d 2s,KhKd,0.998,55.31,2.30685,69.518,0.05,2.81,99.90,2.31,0.06,0.00
Ah 8d 2s,Kh2h,0.957,44.99,1.86498,69.0935,12.92,1.98,87.01,1.85,0.08,0.00
Ah 8d 2s,Kh3h,0.625,32.44,0.10519,5.40492,0.38,1.22,97.40,0.10,2.22,0.00
Ah 8d 2s,Kh4h,0.598,32.47,0.11303,5.80223,0.36,1.23,97.57,0.11,2.07,0.00
Ah 8d 2s,Kh5h,0.732,32.70,0.10901,5.55602,0.37,1.31,97.44,0.11,2.19,0.00
Ah 8d 2s,Kh6h,0.884,32.30,0.00778,0.40148,0.71,1.17,21.33,0.00,77.96,0.00
Ah 8d 2s,Kh7h,0.851,33.29,0.00981,0.49134,0.69,1.15,81.00,0.00,18.32,0.00
Ah 8d 2s,Kh8h,0.910,52.81,2.52395,79.6494,43.08,2.98,56.85,2.18,0.07,0.00
Ah 8d 2s,Kh9h,0.877,35.32,0.08256,3.89655,0.30,1.41,97.60,0.08,2.10,0.00
Ah 8d 2s,KhTh,0.989,37.46,0.28925,12.871,0.11,1.34,99.40,0.29,0.49,0.00
Ah 8d 2s,KhJh,0.995,39.42,0.46502,19.661,0.10,1.32,99.62,0.47,0.28,0.00
Ah 8d 2s,KhQh,0.997,39.45,0.46667,19.7175,0.12,1.32,99.69,0.47,0.19,0.00
Ah 8d 2s,Kh7s,0.995,30.13,0.00129,0.07118,0.18,0.75,0.02,-0.44,99.80,0.00
Ah 8d 2s,Kh8s,0.958,50.36,1.42004,46.9967,3.24,2.37,96.65,1.39,0.11,0.00
Ah 8d 2s,Kh9s,0.994,32.29,0.00206,0.10641,0.20,1.05,0.02,-0.34,99.78,0.00
Ah 8d 2s,KhTs,0.995,34.67,0.00142,0.06833,0.18,0.89,0.13,-0.15,99.69,0.00
Ah 8d 2s,KhJs,0.996,36.52,0.00164,0.07469,0.21,0.84,1.12,-0.01,98.67,0.00
Ah 8d 2s,KhQs,0.997,36.67,0.00104,0.04718,0.16,0.91,2.89,-0.01,96.95,0.00
Ah 8d 2s,3s3c,0.917,38.29,0.67199,29.2502,13.54,1.51,86.15,0.54,0.30,0.00
Ah 8d 2s,3s3d,0.938,38.38,0.72425,31.4542,16.21,1.54,83.51,0.57,0.28,0.00
Ah 8d 2s,3s3h,0.938,38.29,0.71171,30.9779,17.34,1.52,82.36,0.54,0.30,0.00
Ah 8d 2s,4s4c,0.910,38.54,0.69831,30.1966,13.97,1.55,85.74,0.56,0.29,0.00
Ah 8d 2s,4s4d,0.935,38.61,0.78713,33.9744,18.63,1.66,81.09,0.59,0.27,0.00
Ah 8d 2s,4s4h,0.935,38.54,0.8153,35.2603,22.40,1.69,77.31,0.56,0.28,0.00
Ah 8d 2s,5s5c,0.961,38.69,0.62451,26.9049,7.38,1.49,92.33,0.56,0.29,0.00
Ah 8d 2s,5s5d,0.965,38.58,0.76685,33.1254,15.25,1.85,84.47,0.57,0.28,0.00
Ah 8d 2s,5s5h,0.965,38.54,0.65307,28.2418,8.65,1.79,91.06,0.55,0.29,0.00
Ah 8d 2s,6s6c,0.991,38.57,0.53403,23.0766,0.31,1.75,99.50,0.53,0.20,0.00
Ah 8d 2s,6s6d,0.991,38.43,0.55624,24.1246,0.34,1.93,99.45,0.55,0.21,0.00
Ah 8d 2s,6s6h,0.991,38.38,0.53131,23.0726,0.34,1.91,99.45,0.53,0.22,0.00
Ah 8d 2s,6s5s,0.557,18.45,0.99388,89.8003,73.92,1.30,24.49,0.14,1.60,0.00
Ah 8d 2s,7s7c,0.993,41.17,0.66291,26.8359,0.26,1.65,99.57,0.66,0.16,0.00
Ah 8d 2s,7s7d,0.993,40.90,0.68279,27.8215,0.26,1.79,99.59,0.68,0.16,0.00
Ah 8d 2s,7s7h,0.993,41.06,0.66576,27.0246,0.26,1.82,99.58,0.66,0.16,0.00
Ah 8d 2s,7s5s,0.595,19.30,0.90896,78.4848,61.47,1.38,37.16,0.17,1.36,0.00
Ah 8d 2s,7s6s,0.580,19.28,0.71109,61.4558,43.27,1.42,55.42,0.17,1.31,0.00
Ah 8d 2s,8s8c,0.654,95.90,17.2686,300.11,71.55,16.92,28.44,18.14,0.00,0.00
Ah 8d 2s,8s8h,0.643,95.98,17.1479,297.763,80.42,16.89,19.58,18.21,0.00,0.00
Ah 8d 2s,8s6s,0.854,49.52,2.35242,79.1672,73.14,2.62,26.76,1.64,0.09,0.00
Ah 8d 2s,8s7s,0.848,50.24,1.97987,65.6823,57.08,2.21,42.83,1.67,0.09,0.00
Ah 8d 2s,9s8c,0.933,48.89,1.33909,45.6514,28.96,2.01,70.89,1.07,0.15,0.00
Ah 8d 2s,9s9c,0.991,48.53,1.41657,48.6445,0.18,2.84,99.71,1.42,0.11,0.00
Ah 8d 2s,9s9d,0.988,48.54,1.55808,53.4975,6.14,2.93,93.76,1.47,0.11,0.00
Ah 8d 2s,9s8h,0.900,49.11,1.50558,51.0921,39.75,2.13,60.11,1.10,0.14,0.00
Ah 8d 2s,9s9h,0.988,48.43,1.52064,52.3282,6.22,2.92,93.67,1.43,0.11,0.00
Ah 8d 2s,9s6s,0.708,18.87,0.38556,34.063,21.22,1.61,73.24,0.06,5.55,0.00
Ah 8d 2s,9s7s,0.756,20.64,0.93355,75.3755,45.71,1.71,53.59,0.29,0.70,0.00
Ah 8d 2s,9s8s,0.906,51.42,1.72324,55.8549,4.25,2.45,95.67,1.69,0.08,0.00
Ah 8d 2s,Ts8c,0.976,49.18,1.06507,36.092,0.29,1.99,99.56,1.06,0.15,0.00
Ah 8d 2s,Ts9c,0.956,16.93,0.00816,0.80322,0.69,1.22,0.55,-0.06,98.76,0.00
Ah 8d 2s,TsTc,0.995,49.74,1.60115,53.6558,0.11,2.86,99.81,1.60,0.08,0.00
Ah 8d 2s,Ts9d,0.957,16.94,0.00768,0.75538,0.61,1.34,0.51,-0.10,98.88,0.00
Ah 8d 2s,TsTd,0.995,49.63,1.60375,53.8573,0.12,2.97,99.80,1.60,0.08,0.00
Ah 8d 2s,Ts8h,0.970,49.33,1.09932,37.1449,2.06,1.89,97.80,1.08,0.15,0.00
Ah 8d 2s,Ts9h,0.950,16.95,0.0078,0.76723,0.62,1.35,0.51,-0.11,98.87,0.00
Ah 8d 2s,TsTh,0.995,49.42,1.5625,52.6906,0.12,2.95,99.80,1.56,0.09,0.00
Ah 8d 2s,Ts7s,0.739,18.03,0.0493,4.55731,3.43,1.45,14.06,0.00,82.51,0.00
Ah 8d 2s,Ts8s,0.929,51.61,1.72212,55.6095,9.51,2.54,90.40,1.64,0.10,0.00
Ah 8d 2s,Ts9s,0.484,20.49,1.05598,85.9008,58.60,1.63,40.52,0.24,0.89,0.00
Ah 8d 2s,Js8c,0.944,49.39,1.1351,38.3003,3.39,1.90,96.47,1.11,0.15,0.00
Ah 8d 2s,Js9c,0.980,17.08,0.00555,0.54126,0.52,1.07,0.03,-0.10,99.45,0.00
Ah 8d 2s,JsTc,0.956,19.55,0.00604,0.515,0.61,1.00,5.07,0.00,94.32,0.00
Ah 8d 2s,JsJc,0.996,52.87,1.90561,60.0756,0.09,2.89,99.84,1.91,0.07,0.00
Ah 8d 2s,Js9d,0.979,17.04,0.00622,0.60816,0.51,1.22,0.03,-0.14,99.46,0.00
Ah 8d 2s,JsTd,0.959,19.45,0.00588,0.5038,0.53,1.20,0.88,-0.06,98.59,0.00
Ah 8d 2s,JsJd,0.995,53.01,1.95817,61.5702,0.09,3.19,99.84,1.96,0.07,0.00
Ah 8d 2s,Js8h,0.924,49.42,1.18056,39.8162,8.28,1.86,91.57,1.12,0.14,0.00
Ah 8d 2s,Js9h,0.976,17.04,0.00636,0.62228,0.52,1.24,0.03,-0.14,99.46,0.00
Ah 8d 2s,JsTh,0.952,19.48,0.00689,0.58929,0.58,1.25,1.11,-0.04,98.31,0.00
Ah 8d 2s,JsJh,0.995,52.98,1.91633,60.2799,0.10,3.17,99.83,1.92,0.07,0.00
Ah 8d 2s,Js7s,0.934,18.19,0.01158,1.06099,0.95,1.23,0.19,-0.07,98.85,0.00
Ah 8d 2s,Js8s,0.812,51.72,1.81765,58.5705,20.13,2.38,79.77,1.68,0.09,0.00
Ah 8d 2s,Js9s,0.418,20.58,0.4168,33.753,20.27,1.47,77.64,0.15,2.09,0.00
Ah 8d 2s,JsTs,0.418,22.75,0.39033,28.597,10.28,1.52,88.81,0.26,0.91,0.00
Ah 8d 2s,Qs8c,0.934,50.03,1.46073,48.6604,19.45,2.46,80.42,1.22,0.13,0.00
Ah 8d 2s,Qs9c,0.993,20.49,0.0029,0.23619,0.26,1.14,0.02,-0.25,99.73,0.00
Ah 8d 2s,QsTc,0.989,23.38,0.00276,0.19664,0.28,1.01,0.06,-0.13,99.66,0.00
Ah 8d 2s,QsJc,0.988,27.92,0.00256,0.15256,0.33,0.79,0.31,-0.03,99.36,0.00
Ah 8d 2s,QsQc,0.997,53.50,1.95742,60.9822,0.07,2.84,99.87,1.96,0.06,0.00
Ah 8d 2s,Qs9d,0.992,20.43,0.00313,0.25539,0.26,1.20,0.02,-0.30,99.72,0.00
Ah 8d 2s,QsTd,0.989,23.22,0.00295,0.21158,0.28,1.10,0.07,-0.23,99.64,0.00
Ah 8d 2s,QsJd,0.985,27.91,0.0032,0.19127,0.36,0.94,0.31,-0.05,99.34,0.00
Ah 8d 2s,QsQd,0.997,53.74,2.03429,63.0863,0.07,2.95,99.87,2.03,0.06,0.00
Ah 8d 2s,Qs8h,0.928,49.99,1.34039,44.6889,11.05,2.27,88.82,1.23,0.13,0.00
Ah 8d 2s,Qs9h,0.992,20.45,0.00318,0.25943,0.27,1.21,0.02,-0.30,99.72,0.00
Ah 8d 2s,QsTh,0.989,23.26,0.00314,0.22463,0.29,1.13,0.08,-0.20,99.63,0.00
Ah 8d 2s,QsJh,0.981,28.05,0.00399,0.23696,0.39,1.07,0.41,-0.05,99.20,0.00
Ah 8d 2s,QsQh,0.997,53.46,1.95503,60.9444,0.07,2.93,99.86,1.96,0.06,0.00
Ah 8d 2s,Qs7s,0.984,21.54,0.00456,0.35308,0.42,1.10,0.03,-0.20,99.55,0.00
Ah 8d 2s,Qs8s,0.818,52.31,2.27352,72.4373,49.01,2.73,50.91,1.84,0.08,0.00
Ah 8d 2s,Qs9s,0.730,23.86,0.02036,1.42179,1.42,1.45,4.79,0.00,93.79,0.00
Ah 8d 2s,QsTs,0.717,26.29,0.07023,4.45266,0.41,1.38,96.62,0.07,2.98,0.00
Ah 8d 2s,QsJs,0.940,30.77,0.22481,12.176,0.15,1.25,99.01,0.23,0.85,0.00
Ah 8d 2s,Ks7c,0.995,29.99,0.00128,0.07103,0.19,0.70,0.02,-0.38,99.79,0.00
Ah 8d 2s,Ks8c,0.967,50.93,1.42198,46.5357,4.34,1.95,95.54,1.40,0.12,0.00
Ah 8d 2s,Ks9c,0.995,32.25,0.00211,0.10887,0.20,1.06,0.02,-0.28,99.78,0.00
Ah 8d 2s,KsTc,0.995,34.78,0.00129,0.06163,0.19,0.75,0.13,-0.09,99.68,0.00
Ah 8d 2s,KsJc,0.996,36.65,0.00114,0.05169,0.22,0.59,27.52,0.00,72.27,0.00
Ah 8d 2s,KsQc,0.998,36.87,0.00104,0.04708,0.18,0.79,29.35,0.00,70.47,0.00
Ah 8d 2s,KsKc,0.998,55.83,2.28495,68.2079,0.05,2.64,99.90,2.29,0.06,0.00
Ah 8d 2s,Ks7d,0.995,29.90,0.00148,0.08252,0.19,0.83,0.02,-0.41,99.80,0.00
Ah 8d 2s,Ks9d,0.995,32.16,0.00226,0.11692,0.21,1.13,0.02,-0.32,99.77,0.00
Ah 8d 2s,KsTd,0.995,34.61,0.00136,0.06527,0.18,0.86,0.14,-0.16,99.68,0.00
Ah 8d 2s,KsJd,0.996,36.60,0.00162,0.07395,0.22,0.76,4.80,0.00,94.98,0.00
Ah 8d 2s,KsQd,0.997,36.75,0.00128,0.0581,0.18,0.83,4.02,-0.01,95.79,0.00
Ah 8d 2s,KsKd,0.998,55.88,2.35474,70.2323,0.05,2.81,99.90,2.36,0.05,0.00
Ah 8d 2s,Ks7h,0.995,30.00,0.0014,0.07789,0.18,0.81,0.02,-0.43,99.80,0.00
Ah 8d 2s,Ks8h,0.967,50.88,1.42997,46.8427,6.31,1.85,93.58,1.40,0.12,0.00
Ah 8d 2s,Ks9h,0.995,32.22,0.0023,0.11899,0.21,1.13,0.02,-0.32,99.77,0.00
Ah 8d 2s,KsTh,0.995,34.66,0.0015,0.07224,0.19,0.90,0.14,-0.14,99.67,0.00
Ah 8d 2s,KsJh,0.996,36.79,0.00254,0.11504,0.24,0.86,41.71,0.00,58.05,0.00
Ah 8d 2s,KsQh,0.997,36.85,0.00176,0.0795,0.19,0.95,5.14,0.00,94.67,0.00
Ah 8d 2s,KsKh,0.998,55.36,2.27394,68.4554,0.05,2.76,99.90,2.27,0.06,0.00
Ah 8d 2s,Ks3s,0.734,32.11,0.01526,0.7919,1.26,1.10,78.15,0.00,20.59,0.00
Ah 8d 2s,Ks4s,0.693,32.13,0.01818,0.94302,1.23,1.12,84.63,0.01,14.14,0.00
Ah 8d 2s,Ks5s,0.853,32.33,0.01498,0.77198,1.22,1.19,66.63,0.00,32.16,0.00
Ah 8d 2s,Ks6s,0.975,31.93,0.00419,0.21896,0.42,1.07,0.33,-0.10,99.25,0.00
Ah 8d 2s,Ks7s,0.969,32.94,0.00454,0.22963,0.44,1.09,0.50,-0.06,99.05,0.00
Ah 8d 2s,Ks8s,0.929,53.17,2.13405,66.8935,24.51,2.42,75.42,2.04,0.08,0.00
Ah 8d 2s,Ks9s,0.955,35.01,0.00776,0.36937,0.61,1.33,55.46,0.00,43.94,0.00
Ah 8d 2s,KsTs,0.990,37.26,0.17076,7.63788,0.12,1.18,98.95,0.17,0.92,0.00
Ah 8d 2s,KsJs,0.995,39.17,0.31883,13.5643,0.08,1.15,99.44,0.32,0.48,0.00
Ah 8d 2s,KsQs,0.997,39.36,0.32917,13.9372,0.08,1.22,99.54,0.33,0.37,0.00
Ah 8d 2s,As2c,0.838,82.99,7.63603,153.357,12.52,6.48,87.46,7.80,0.02,0.00
Ah 8d 2s,As3c,0.977,70.11,3.5685,84.8305,9.86,3.18,90.10,3.61,0.04,0.00
Ah 8d 2s,As4c,0.974,70.21,3.5862,85.1324,12.16,3.20,87.80,3.64,0.04,0.00
Ah 8d 2s,As5c,0.976,70.63,3.63623,85.8083,8.94,3.19,91.02,3.68,0.04,0.00
Ah 8d 2s,As6c,0.983,70.69,3.63825,85.7739,4.16,3.54,95.80,3.64,0.04,0.00
Ah 8d 2s,As7c,0.983,72.25,3.94366,90.9788,4.89,3.48,95.08,3.97,0.04,0.00
Ah 8d 2s,As8c,0.795,91.41,12.1241,221.062,63.74,11.66,36.26,12.94,0.01,0.00
Ah 8d 2s,As9c,0.935,76.18,5.04232,110.315,8.65,3.94,91.32,5.15,0.03,0.00
Ah 8d 2s,AsTc,0.935,78.09,5.58353,119.162,16.48,5.13,83.50,5.67,0.02,0.00
Ah 8d 2s,AsJc,0.838,80.85,6.3931,131.785,31.89,6.05,68.09,6.55,0.02,0.00
Ah 8d 2s,AsQc,0.634,82.15,6.71082,136.143,59.71,6.43,40.28,7.14,0.02,0.00
Ah 8d 2s,AsKc,0.362,82.66,7.07745,142.709,54.12,6.88,45.86,7.32,0.02,0.00
Ah 8d 2s,AsAc,0.926,96.92,17.9312,308.348,37.58,15.45,62.42,19.43,0.00,0.00
Ah 8d 2s,As2d,0.883,83.04,7.52421,151.01,20.54,6.45,79.44,7.80,0.02,0.00
Ah 8d 2s,As3d,0.985,70.24,3.61964,85.8831,7.34,3.26,92.62,3.65,0.04,0.00
Ah 8d 2s,As4d,0.984,70.33,3.65492,86.6127,6.22,3.35,93.74,3.68,0.04,0.00
Ah 8d 2s,As5d,0.982,70.66,3.70169,87.3104,6.31,3.63,93.65,3.71,0.04,0.00
Ah 8d 2s,As6d,0.985,70.65,3.69536,87.1723,7.22,4.02,92.74,3.67,0.04,0.00
Ah 8d 2s,As7d,0.984,72.36,4.01196,92.4137,1.46,3.78,98.50,4.02,0.04,0.00
Ah 8d 2s,As9d,0.959,76.30,5.22064,114.043,0.77,4.08,99.21,5.23,0.03,0.00
Ah 8d 2s,AsTd,0.911,78.15,5.70714,121.711,8.76,5.52,91.22,5.73,0.02,0.00
Ah 8d 2s,AsJd,0.858,81.00,6.55475,134.88,19.47,6.38,80.51,6.60,0.02,0.00
Ah 8d 2s,AsQd,0.731,82.32,7.01379,141.996,43.62,6.79,56.36,7.19,0.02,0.00
Ah 8d 2s,AsKd,0.762,82.80,7.26142,146.168,32.75,7.03,67.23,7.37,0.02,0.00
Ah 8d 2s,AsAd,0.932,97.10,18.0359,309.583,36.23,15.49,63.77,19.48,0.00,0.00
Ah 8d 2s,As2h,0.873,82.99,7.57551,152.129,14.82,6.44,85.17,7.77,0.02,0.00
Ah 8d 2s,As3h,0.986,70.18,3.64068,86.4568,1.69,3.36,98.27,3.65,0.04,0.00
Ah 8d 2s,As4h,0.984,70.28,3.66917,87.0172,1.55,3.47,98.41,3.67,0.04,0.00
Ah 8d 2s,As5h,0.983,70.63,3.70518,87.4354,4.73,3.65,95.22,3.71,0.04,0.00
Ah 8d 2s,As6h,0.986,70.62,3.67601,86.7509,3.45,3.88,96.51,3.67,0.04,0.00
Ah 8d 2s,As7h,0.983,72.18,3.97758,91.8497,1.73,3.58,98.23,3.99,0.04,0.00
Ah 8d 2s,As8h,0.775,91.48,11.9855,218.361,63.13,11.43,36.87,12.95,0.01,0.00
Ah 8d 2s,As9h,0.962,76.21,5.19622,113.645,0.74,4.09,99.23,5.21,0.03,0.00
Ah 8d 2s,AsTh,0.908,78.06,5.66693,121.002,8.13,5.47,91.84,5.69,0.02,0.00
Ah 8d 2s,AsJh,0.836,81.09,6.55098,134.645,18.29,6.38,81.69,6.59,0.02,0.00
Ah 8d 2s,AsQh,0.648,82.27,7.0459,142.741,35.74,6.85,64.24,7.16,0.02,0.00
Ah 8d 2s,AsKh,0.680,82.65,7.22079,145.608,39.66,7.05,60.32,7.33,0.02,0.00
Ah 8d 2s,As3s,0.986,71.76,4.4553,103.478,0.18,3.86,99.78,4.46,0.03,0.00
Ah 8d 2s,As4s,0.984,71.85,4.47959,103.916,0.18,3.96,99.78,4.48,0.03,0.00
Ah 8d 2s,As5s,0.980,72.15,4.49756,103.899,0.83,4.14,99.13,4.50,0.03,0.00
Ah 8d 2s,As6s,0.985,72.12,4.45165,102.879,0.25,4.38,99.72,4.45,0.03,0.00
Ah 8d 2s,As7s,0.983,73.60,4.74683,107.497,0.34,4.02,99.63,4.75,0.03,0.00
Ah 8d 2s,As8s,0.810,91.97,13.1993,239.193,11.44,11.71,88.56,13.39,0.00,0.00
Ah 8d 2s,As9s,0.949,77.42,5.8676,126.323,4.87,4.67,95.11,5.93,0.02,0.00
Ah 8d 2s,AsTs,0.892,79.16,6.35038,133.697,10.21,6.02,89.77,6.39,0.02,0.00
Ah 8d 2s,AsJs,0.790,82.14,7.17609,145.61,23.33,6.90,76.65,7.26,0.02,0.00
Ah 8d 2s,AsQs,0.564,83.24,7.62177,152.614,38.75,7.30,61.24,7.83,0.02,0.00
Ah 8d 2s,AsKs,0.691,83.68,7.25539,144.502,95.22,7.22,4.77,7.96,0.01,0.00
